대한민국 경상남도 창원시 성산구 상남동 마디미로73번길 25,"['35.2197116', '128.6831732']",521
대한민국 경상남도 창원시 성산구 외동반림로,"['35.2262962', '128.6731132']",438
대한민국 반림동,"['35.237888', '128.668181']",202
대한민국 경상남도 창원시 성산구 상남동,"['35.2201537', '128.6858713']",637
대한민국 경상남도 창원시 성산구 토월로,"['35.2160823', '128.6832555']",179
대한민국 경상남도 창원시 성산구 상남동 동산로 115,"['35.2187846', '128.6866875']",1765
대한민국 경상남도 창원시 성산구 반지동 27,"['35.2441183', '128.6672994']",214
대한민국 경상남도 창원시 성산구 중앙동 96-4,"['35.2228755', '128.6782886']",52
대한민국 경상남도 창원시 성산구 중앙대로 중앙대 로 56 상남동 양지 빌딩 3 층,"['35.219996', '128.677527']",1637
대한민국 성산구 상남동 5-1번지 1층 창원시 경상남도 KR,"['35.2241957', '128.6845202']",1170
대한민국 경상남도 창원시 성산구 상남동 원이대로 692,"['35.2223201', '128.6879544']",101
대한민국 경상남도 창원시 성산구 상남동 1-6,"['35.2240699', '128.6854268']",312
대한민국 경상남도 창원시 성산구 중앙동 93-1,"['35.2247641', '128.6798995']",254
대한민국 성산구 상남동 6-1번지 1층 창원시 경상남도 KR,"['35.22444850000001', '128.6839686']",542
대한민국 경상남도 창원시 성산구 남산동 601-1,"['35.2041279', '128.6930655']",766
대한민국 경상남도 창원시 성산구 상남동,"['35.2204313', '128.6795663']",34
대한민국 경상남도 창원시 성산구 남양동 17,"['35.2144324', '128.7024532']",15
대한민국 경상남도 창원시 성산구 마디미로10번길 7 경원프라자,"['35.2235674', '128.6846286']",88
대한민국 경상남도 창원시 성산구 남양동 16,"['35.2135436', '128.6979814']",92
대한민국 경상남도 창원시 성산구 중앙동 디지털프라자 94-1번지 KR 4층,"['35.2252621', '128.6790382']",35
대한민국 경상남도 창원시 성산구 반림동 충혼로 188,"['35.2406156', '128.6669463']",145
대한민국 경상남도 창원시 성산구 상남동 36-1번지 한사랑빌딩 7층,"['35.2195636', '128.6836728']",29
대한민국 경상남도 창원시 성산구 가음동 12-1,"['35.2100716', '128.689899']",67
대한민국 경상남도 창원시 성산구 상남동 45-1,"['35.2194039', '128.6916486']",172
대한민국 경상남도 창원시 성산구 중앙동 84-6,"['35.225666', '128.6784159']",123
대한민국 경상남도 창원시 성산구 가음정동,"['35.2075165', '128.6983982']",318
대한민국 경상남도 창원시 성산구 남양동 5,"['35.214006', '128.700779']",67
대한민국 경상남도 창원시 성산구 대방동 가양로 133,"['35.2097907', '128.7076445']",118
대한민국 경상북도 청도군 청도읍 고수리 593-1,"['35.642549', '128.7414656']",254
대한민국 경상남도 창원시 성산구 중앙동,"['35.2259776', '128.6795233']",35
대한민국 서울특별시 종로구 당주동 5,"['37.5719994', '126.9742775']",11
대한민국 경상남도 창원시 성산구 대방동 364-4,"['35.2080444', '128.7075363']",66
대한민국 경상남도 창원시 성산구 상남동 16,"['35.222172', '128.683427']",1810
대한민국 경상남도 창원시 성산구 반림동 6-4,"['35.236707', '128.6717333']",19
대한민국 부산광역시 해운대구 반송동 운봉길 113,"['35.2328709', '129.1445286']",4
대한민국 경상남도 창원시 성산구 반림동 10,"['35.2364292', '128.6674559']",32
대한민국 경상남도 창원시 성산구 중앙동 95-3,"['35.2236531', '128.6775942']",81
대한민국 성산구 상남동 31-1번지 지하1층 창원시 경상남도 KR,"['35.2198899', '128.6806427']",590
대한민국 경상남도 창원시 성산구 상남동,"['35.2205233', '128.6818726']",18
대한민국 성산구 상남동 60-2번지 창원시 경상남도 KR,"['35.2169456', '128.682447']",2032
대한민국 성산구 상남동 35-3번지 1층 창원시 경상남도 KR,"['35.2193593', '128.6823332']",598
대한민국 경상남도 창원시 성산구 상남동 번지 1층 20-4 KR,"['35.2208371', '128.6849907']",70
대한민국 성산구 상남동 10-5번지 상남동피아노빌딩 101호 창원시 경상남도 KR,"['35.2216818', '128.6862434']",65
대한민국 경상남도 창원시 상남동 69-2,"['35.217622', '128.67758']",165
대한민국 경상남도 창원시 성산구 상남동 11-4,"['35.2220701', '128.6858435']",212
대한민국 경상남도 창원시 성산구 상남동 20-2번지 유니빌딩 501호 502호,"['35.221212', '128.6843556']",49
대한민국 경남 창원시 성산구 가음정동 391-2,"['35.2070163', '128.6832886']",587
대한민국 경상남도 창원시 성산구 남양동 23,"['35.2105718', '128.7042587']",98
대한민국 경상남도 창원시 성산구 성주동,"['35.1948809', '128.7176972']",208
대한민국 성산구 남양동 22번지 성원2차아파트 상가1층 114호 창원시 경상남도 KR,"['35.2127497', '128.7021317']",6
대한민국 경상남도 창원시 성산구 남산동 601-7,"['35.2001285', '128.7001761']",941
대한민국 경상남도 창원시 성산구 남산동 601-3,"['35.2004712', '128.694838']",84
대한민국 경상남도 창원시 성산구 성주동 가음로92번길 12-5,"['35.2045615', '128.7031476']",1
대한민국 경상남도 창원시 성산구 성주동 삼정자로 11,"['35.1987691', '128.7081267']",342
대한민국 경상남도 창원시 성산구 사파동 97-1번지 KR 남양빌딩 1층 105호,"['35.2226347', '128.700077']",281
대한민국 경상남도 창원시 창원시 성산구 상남동 동산로55번길 9,"['35.2147932', '128.6852048']",27
대한민국 경상남도 창원시 성산구 삼정자동 484-1,"['35.2006842', '128.709453']",113
대한민국 경상남도 창원시 성산구 상남동 동산로 60,"['35.2147657', '128.6868091']",2
대한민국 경상남도 창원시 의창구 동산로,"['35.2252647', '128.6956127']",389
대한민국 경상남도 창원시 성산구 중앙동 원이대로 608,"['35.226752', '128.6804174']",602
대한민국 경상남도 창원시 성산구 상남동 마디미로56번길 7,"['35.2197755', '128.6817512']",387
대한민국 경상남도 창원시 성산구 삼정자동 360-1,"['35.1987379', '128.7110367']",414
대한민국 경상남도 창원시 성산구 사파동,"['35.2216259', '128.6933983']",119
대한민국 경남 창원시 성산구 상남동 27-3,"['35.2204313', '128.6804829']",489
대한민국 성산구 상남동 34-10번지 아모르빌딩 101호 창원시 경상남도 KR,"['35.2205484', '128.6811964']",87
대한민국 경상남도 창원시 성산구 상남동 31-5번지 KR,"['35.2193073', '128.6816572']",17
대한민국 서울특별시 구로구 개봉1동 경인로 368,"['37.4962635', '126.8608996']",2
대한민국 경상남도 창원시 성산구 원이대로682번길 21 KR,"['35.2210172', '128.6873089']",164
대한민국 경상남도 창원시 성산구 상남동 69-1,"['35.2180149', '128.6774277']",205
대한민국 부산광역시 중구 중앙동7가 중앙대로 2,"['35.0973646', '129.0364049']",386
대한민국 경상남도 성산구 창원시 성산구 상남동,"['35.2190257', '128.6820316']",10
대한민국 경상남도 창원시 성산구 상남동 26-3 번지 지하 1층,"['35.2214781', '128.6814436']",7
대한민국 경상남도 창원시 성산구 상남동 71-3,"['35.2193203', '128.6773166']",277
대한민국 경상남도 창원시 성산구 웅남동 72-6,"['35.2031777', '128.659134']",5
대한민국 경상남도 창원시 성산구 상남동,"['35.2244865', '128.6846768']",13
대한민국 경상남도 창원시 창원시 성산구 웅남동 성산패총로 29,"['35.200295', '128.673762']",214
대한민국 서울특별시 동작구 대방동 여의대방로44길 20,"['37.5081244', '126.9263096']",29
대한민국 경상남도 창원시 성산구 대방동 362-1번지 KR 1층 102호 무궁화빌딩 1동,"['35.20922729999999', '128.7070339']",555
대한민국 경상남도 창원시 진해구 경화동,"['35.1567446', '128.6885394']",54
대한민국 경상남도 창원시 성산구 가음동 31,"['35.2065721', '128.6919267']",58
대한민국 경상남도 창원시 성산구 내동 연덕로184번길 1,"['35.2190979', '128.6668731']",44
대한민국 경상남도 창원시 성산구 대방동 대정로 138,"['35.2099455', '128.7082937']",782
대한민국 경상남도 창원시 성산구 중앙동 완암로 171,"['35.2160505', '128.6687851']",10
대한민국 경상남도 창원시 성산구 상남동 마디미서로 42,"['35.2217095', '128.6816499']",14
대한민국 경상남도 창원시 상남동 89,"['35.2225145', '128.6859268']",4
대한민국 반림동,"['35.232685', '128.671786']",69
대한민국 성산구 상남동 17-3번지 1층 창원시 경상남도 KR,"['35.2218602', '128.685141']",2
대한민국 경상남도 창원시 성산구 중앙동 중앙대로 60,"['35.2201535', '128.6777332']",14
대한민국 경상남도 창원시 성산구 남양동 13번길 5,"['35.2118257', '128.6983038']",261
대한민국 경상남도 창원시 성산구 중앙동 97-2,"['35.2222366', '128.6777609']",88
대한민국 서울특별시 동대문구 용신동 고산자로 420,"['37.5771457', '127.0385743']",100
대한민국 경상남도 창원시 성산구 남양동 1,"['35.2140158', '128.7035643']",326
대한민국 성산구 상남동 1-7번지 미도상가 5호 창원시 경상남도 KR,"['35.2239747', '128.685652']",59
대한민국 경상남도 창원시 성산구 상남동 22-3번지 KR 모아엔트몰 302호,"['35.2202166', '128.6839287']",32
대한민국 경상남도 창원시 성산구 반지동 23,"['35.2452893', '128.6697888']",115
대한민국 경상남도 창원시 성산구 상남동 28-1,"['35.2200425', '128.6802607']",39
대한민국 경상남도 창원시 성산구 성주동,"['35.2019063', '128.7096473']",26
대한민국 경상남도 창원시 창원시 성산구 사파동 창이대로 681,"['35.2241936', '128.7009802']",182
대한민국 경상남도 창원시 성산구 상남동 14-4,"['35.2229033', '128.6846213']",155
대한민국 성산구 상남동 13-5번지 상남H빌딩 401호 창원시 경상남도 KR,"['35.2231226', '128.6849055']",224
대한민국 경상남도 창원시 성산구 웅남동 적현로 259,"['35.20079330000001', '128.5993799']",117
대한민국 경상남도 창원시 성산구 성산동 60,"['35.1985448', '128.6687346']",202
대한민국 성산구 중앙동 84-3번지 1층 일동상가 창원시 경상남도 KR,"['35.2260278', '128.6781871']",10
대한민국 중앙동,"['35.216323', '128.670542']",38
대한민국 경상남도 창원시 성산구 웅남동,"['35.1986561', '128.6760117']",37
대한민국 경상남도 창원시 성산구 신촌동 63-5,"['35.2006266', '128.5962136']",35
대한민국 경상남도 창원시 성산구 상남동 18-4번지 1층,"['35.221353', '128.685084']",7
대한민국 서울특별시 중구 장교동 청계천로 86 한화빌딩,"['37.5675238', '126.9865241']",86
대한민국 경상남도 양산시 북부동 489-8,"['35.3454891', '129.036701']",1198
대한민국 경상남도 창원시 성산구 상남동 36-3번지 1층,"['35.2191696', '128.6832093']",42
대한민국 경상남도 창원시 성산구 대방동 가양로 158,"['35.2093776', '128.7102582']",115
대한민국 경상남도 창원시 성산구 상남동 76-3,"['35.2218756', '128.6807051']",24
대한민국 경상남도 창원시 성산구 중앙동 중앙대로 104,"['35.2234865', '128.6807328']",101
대한민국 경상남도 창원시 성산구 상남동 76-1,"['35.2222367', '128.6814272']",59
"대한민국 경상남도 Changwon, 창원시 성산구 상남동 중앙대로 124","['35.2245588', '128.6818319']",856
대한민국 경상남도 창원시 창원시 성산구 상남동 토월로 140,"['35.2215499', '128.6894675']",23
대한민국 경상남도 창원시 성산구 중앙동 94-3,"['35.2247641', '128.6784552']",50
대한민국 경상남도 창원시 성산구 웅남동 완암로 84,"['35.207725', '128.6660041']",170
대한민국 성산구 상남동 73-2번지 위드필타워 창원시 경상남도 KR,"['35.220989', '128.6799368']",167
대한민국 경상남도 창원시 성산구 성주동 47-1,"['35.1931293', '128.693538']",66
대한민국 가음정동,"['35.2079145', '128.6871744']",1004
대한민국 경상남도 창원시 성산구 상남동 76-4,"['35.2215257', '128.6806084']",100
대한민국 성산구 가음정동 391-10번지 소라아파트 상가 지하층 2호 창원시 경상남도 KR,"['35.2080834', '128.6861894']",490
대한민국 경상남도 창원시 창원시 성산구 가음정동 정동로 153,"['35.203128', '128.6877327']",326
대한민국 경상남도 창원시 성산구 사파동 창이대로 737,"['35.219156', '128.7035237']",311
대한민국 가음정동,"['35.210856', '128.701525']",240
대한민국 경상남도 창원시 성산구 사파동 147,"['35.2188485', '128.6947316']",333
대한민국 경상남도 창원시 성산구 대방동 339-3,"['35.2159046', '128.7087304']",51
대한민국 경상남도 창원시 성산구 웅남동 두산볼보로 22,"['35.1797958', '128.6031301']",41
대한민국 성산구 상남동 44-1번지 206호 장미상가 창원시 경상남도 KR,"['35.2189019', '128.6895637']",682
대한민국 경상남도 창원시 성산구 가음정동 대정로 99,"['35.2121068', '128.703806']",308
대한민국 경상남도 창원시 성산구 마디미로70번길 2 KR 이번가빌딩 7층,"['35.2191579', '128.6815211']",124
대한민국 경남 창원시 성산구 상남동 21-9,"['35.2204592', '128.6841214']",34
대한민국 경상남도 창원시 성산구 중앙동 93-2,"['35.2244864', '128.6797329']",36
대한민국 경상남도 창원시 성산구 남양동 24,"['35.2094608', '128.7018979']",179
대한민국 성산구 대방동 357번지 상가동 3층 303호 개나리1차아파트 창원시 경상남도 KR,"['35.2128563', '128.7078166']",270
대한민국 경상남도 창원시 성산구 사파동 88-1,"['35.22057059999999', '128.7017587']",93
대한민국 경상남도 창원시 성산구 사파동 138,"['35.2224591', '128.6941205']",132
대한민국 경상남도 창원시 성산구 안민동 56-1,"['35.1876021', '128.6935659']",309
대한민국 경상남도 창원시 성산구 사파동 64-1,"['35.2241535', '128.703064']",18
대한민국 가음정동,"['35.2081025', '128.6875753']",283
대한민국 경상남도 창원시 성산구 남산동 산40 KR,"['35.2010242', '128.7059974']",83
대한민국 경상남도 창원시 성산구 상남동 45-1,"['35.2187095', '128.6906764']",151
대한민국 경상남도 창원시 성산구 중앙동 98-4,"['35.222181', '128.6761499']",33
대한민국 경상남도 창원시 성산구 대방동 355,"['35.2148646', '128.7083188']",464
대한민국 경상남도 양산시 중부동 383-3,"['35.3429512', '129.0376684']",1
대한민국 경상남도 창원시 성산구 반림동 17-13,"['35.2351516', '128.6710667']",291
대한민국 경상남도 창원시 성산구 반림동 21 21,"['35.2360127', '128.6718166']",2
대한민국 경상남도 창원시 성산구 사파정동 비음로 97,"['35.2233864', '128.705868']",154
대한민국 경상남도 창원시 성산구 중앙동 101-1,"['35.2192647', '128.6752334']",68
대한민국 성산구 상남동 29-4번지 1층 창원시 경상남도 KR,"['35.2185307', '128.68094']",376
대한민국 경상남도 창원시 창원시 성산구 웅남동 공단로474번길 36,"['35.2006226', '128.6661396']",217
대한민국 경상남도 창원시 성산구 상남동 14-3 KR 번지 진성빌딩,"['35.2230448', '128.6843106']",242
대한민국 경상남도 창원시 성산구 상남동 12-7번지 KR 1층,"['35.2227038', '128.6856314']",6
대한민국 경상남도 창원시 성산구 성주동,"['35.1957125', '128.7082032']",143
대한민국 경상남도 창원시 성산구 가음정동,"['35.2087941', '128.6964817']",5
대한민국 경상남도 창원시 성산구 사파동 47-6,"['35.2277364', '128.7006753']",2
대한민국 성산구 대방동 355번지 창원시 경상남도 KR,"['35.2151382', '128.7085075']",16
대한민국 경상남도 창원시 성산구 가음동 7-3번지 KR 가음정빌딩 1층 107호,"['35.2102119', '128.687745']",47
대한민국 경상남도 창원시 성산구 가음동,"['35.208933', '128.6969539']",5
대한민국 경상남도 창원시 성산구 상남동 45-1,"['35.2164043', '128.6939817']",68
대한민국 반림동,"['35.236213', '128.674419']",63
대한민국 경상남도 창원시 성산구 상남동 4-1번지 대웅빌딩 5층 505호,"['35.2235101', '128.6857239']",23
대한민국 경상남도 창원시 의창구 차용동,"['35.2317348', '128.6363201']",126
대한민국 경상남도 창원시 성산구 웅남동 42,"['35.2142373', '128.6626514']",178
대한민국 경상남도 창원시 성산구 상남동 마디미로4번길 9 우진상가,"['35.2241147', '128.6846779']",53
대한민국 경상남도 창원시 성산구 가음정동 원이대로 810,"['35.2138254', '128.6953575']",33
대한민국 경상남도 창원시 성산구 KR 상남동 16번지 C동 208호 상남시장 창원시 경상남도 KR,"['35.2222099', '128.6834028']",9
대한민국 경남 창원시 성산구 가음정동 21-9,"['35.2136859', '128.692953']",2
대한민국 경상남도 창원시 성산구 상남동 원이대로 730,"['35.2201629', '128.69092']",148
대한민국 경상남도 창원시 성산구 가음정동 원이대로863번길 20,"['35.2085164', '128.6974261']",7
대한민국 경상남도 창원시 성산구 상남동 26-4,"['35.2212368', '128.6812328']",1
대한민국 부산광역시 중구 대창동1가 51,"['35.1070346', '129.0353695']",24
대한민국 성산구 상남동 22-8번지 모이세빌딩 101호 창원시 경상남도 KR,"['35.2203082', '128.6831902']",6
대한민국 경상남도 창원시 성산구 남산동 604-26,"['35.1944069', '128.694399']",145
대한민국 경상남도 창원시 성산구 가음정동,"['35.208072', '128.6969539']",1
대한민국 경상남도 창원시 성산구 상남동 마디미로10번길 12,"['35.2242149', '128.6844114']",152
대한민국 경상남도 창원시 성산구 중앙동 98-6,"['35.221677', '128.6760408']",14
대한민국 서울특별시 동작구 대방동 504,"['37.5141514', '126.9286703']",18
대한민국 경상남도 창원시 성산구 상남동 45-1,"['35.2189876', '128.6909737']",353
대한민국 경상남도 창원시 성산구 중앙동 86-5,"['35.2263473', '128.678844']",13
대한민국 경상남도 창원시 창원시 성산구 상남동 단정로 121,"['35.2142934', '128.6917876']",88
대한민국 경상남도 창원시 성산구 상남동 12-8번지,"['35.2228526', '128.6853174']",10
대한민국 경상남도 창원시 성산구 성산동 76-6,"['35.2105712', '128.6690398']",105
대한민국 경상남도 창원시 성산구 사파동,"['35.2225703', '128.6992866']",98
대한민국 성산구 상남동 11-1번지 창원시 경상남도 KR,"['35.2226161', '128.685055']",65
대한민국 경상남도 창원시 성산구 사파동,"['35.2221815', '128.6984256']",2
대한민국 경상남도 창원시 성산구 상남동 18-5번지 1층,"['35.2212137', '128.6853322']",51
대한민국 경상남도 창원시 성산구 남산동 601-4,"['35.2014339', '128.6978707']",124
대한민국 경상남도 창원시 성산구 남양동 가양로 99,"['35.2097915', '128.7044001']",112
대한민국 반림동,"['35.239574', '128.66658']",121
대한민국 사파동 106 개나리1차아파트,"['35.2139613', '128.7087578']",24
대한민국 경상남도 창원시 창원시 성산구 대방동 창이대로899번길 23,"['35.205867', '128.709421']",78
대한민국 경상남도 창원시 성산구 가음동 38-1,"['35.2067111', '128.7004536']",8
대한민국 경상남도 창원시 성산구 가음동,"['35.2070165', '128.6942598']",56
웅남동 마산항 제4부두,"['35.2024326', '128.5962408']",89
대한민국 경상남도 창원시 성산구 사파동 98,"['35.2224592', '128.6996755']",18
대한민국 경상남도 창원시 성산구 안민동 195-2,"['35.1871108', '128.6878489']",13
대한민국 경상남도 창원시 성산구 대방동 367,"['35.2065467', '128.7074699']",965
대한민국 서울특별시 동작구 상도동 상도로 346-1,"['37.4953154', '126.9511364']",27
대한민국 경상남도 창원시 성산구 상남동 번지 1층 4-5 KR,"['35.2231221', '128.6864313']",9
대한민국 경상남도 창원시 성산구 상남동 동산로 73 주민센터,"['35.2162653', '128.6872046']",6
대한민국 경상남도 창원시 성산구 가음동 24-4,"['35.2060722', '128.6966762']",219
대한민국 경상남도 창원시 성산구 사파동,"['35.2216259', '128.6968702']",5
대한민국 경상남도 창원시 성산구 중앙동 중앙대로 75,"['35.2219589', '128.6774831']",136
대한민국 경상남도 창원시 성산구 상남동 12-3,"['35.2226812', '128.6860657']",34
대한민국 경상남도 창원시 성산구 대방동 374,"['35.2039615', '128.7069809']",60
대한민국 서울특별시 동작구 신대방동,"['37.4917374', '126.9251157']",173
대한민국 경상남도 창원시 창원시 성산구 상남동 단정로 75,"['35.21831299999999', '128.6882329']",74
대한민국 경상남도 창원시 창원시 마산합포구 상남동 북성로 96,"['35.2157536', '128.5705675']",60
대한민국 경상남도 창원시 창원시 성산구 가음정동 가음로92번길 34,"['35.2035861', '128.7006319']",235
대한민국 서울특별시 동작구 신대방2동 여의대방로 122,"['37.497749', '126.9203703']",1
대한민국 경상남도 창원시 성산구 대방동 대암로 272,"['35.204437', '128.709338']",163
대한민국 경상남도 창원시 성산구 천선동 1155-13,"['35.1864078', '128.6941214']",27
대한민국 경상남도 창원시 성산구 외동 853-7,"['35.2087105', '128.6797333']",90
대한민국 경상남도 창원시 성산구 사파동 143,"['35.2211537', '128.6956481']",97
대한민국 경상남도 창원시 성산구 안민동 150,"['35.1858332', '128.6899628']",41
대한민국 경상남도 창원시 성산구 천선동 1160-2,"['35.1857135', '128.6934826']",54
대한민국 경상남도 창원시 성산구 안민동 108,"['35.1853524', '128.6920383']",112
대한민국 경상남도 창원시 성산구 상남동 97-3,"['35.2182087', '128.6832952']",274
대한민국 중앙동,"['35.215061', '128.681757']",10
대한민국 경상남도 창원시 성산구 상남동 73-5,"['35.2201813', '128.6792608']",39
대한민국 경상남도 창원시 성산구 가음정동,"['35.2135434', '128.6855937']",18
대한민국 경상남도 창원시 성산구 상남동 73-3,"['35.2207091', '128.6799552']",61
대한민국 경상남도 창원시 성산구 가음동,"['35.2073776', '128.6956763']",2
대한민국 경상남도 창원시 성산구 남양동 17,"['35.21301589999999', '128.6987592']",117
대한민국 경상남도 창원시 성산구 중앙동 중앙대로 64,"['35.2204868', '128.6782331']",92
대한민국 경상남도 창원시 성산구 상남동 마디미로21번길 5,"['35.2223568', '128.685107']",35
대한민국 경상남도 창원시 성산구 반림동 19,"['35.2355842', '128.6754269']",17
대한민국 경상남도 창원시 성산구 상남동 31-10,"['35.2197311', '128.6805096']",4
대한민국 경상남도 창원시 성산구 반림동 10,"['35.2362626', '128.6675948']",65
대한민국 경상남도 창원시 성산구 상남동 20-5번지 렉스타운 2층 201호,"['35.22067639999999', '128.6848641']",18
대한민국 경상남도 창원시 성산구 중앙동 98-2,"['35.2228477', '128.6767054']",24
대한민국 경상남도 창원시 성산구 성주동 24-11,"['35.192574', '128.7052313']",43
대한민국 경상남도 창원시 창원시 성산구 상남동 단정로98번길 8,"['35.2159388', '128.6885557']",37
대한민국 경상남도 창원시 성산구 남산동 601-25,"['35.2008506', '128.6979262']",61
대한민국 경상남도 창원시 성산구 웅남동 44-2,"['35.2180978', '128.6550131']",16
대한민국 경상남도 창원시 성산구 중앙동 중앙대로 51,"['35.2202587', '128.6763625']",6
대한민국 경상남도 창원시 성산구 대방동,"['35.2150992', '128.7105913']",43
대한민국 경상남도 창원시 성산구 사파동 140,"['35.2219592', '128.6936761']",53
대한민국 성산구 상남동 9-3번지 2층 201호 메르디앙빌딩 창원시 경상남도 KR,"['35.2230425', '128.6861593']",14
대한민국 경상남도 창원시 성산구 상남동 마디미로16번길 7,"['35.2230448', '128.6843106']",551
대한민국 경상남도 창원시 성산구 중앙동 151,"['35.2210978', '128.673678']",9
대한민국 경상남도 창원시 성산구 상남동 7-4,"['35.223711', '128.683344']",6
대한민국 경상남도 창원시 성산구 중앙동 중앙대로 81,"['35.2224963', '128.6779761']",34
대한민국 부산광역시 부산진구 부전동 241-14번지,"['35.1538814', '129.0588395']",3
대한민국 경상남도 창원시 성산구 내동 456-2,"['35.2174593', '128.6695118']",44
대한민국 경상남도 창원시 성산구 내동 456-21,"['35.21840359999999', '128.6682341']",33
대한민국 경상남도 창원시 성산구 중앙동 67-14,"['35.2245975', '128.6774553']",6
대한민국 성산구 상남동 21-6번지 701호 다선프라자 창원시 경상남도 KR,"['35.2203944', '128.6846882']",50
대한민국 경상남도 창원시 성산구 상남동 34-5 KR 번지 지하 1층,"['35.2202218', '128.6823613']",5
대한민국 경상남도 창원시 성산구 상남동 25,"['35.2214868', '128.6823438']",13
대한민국 경상남도 창원시 성산구 중앙동 95-2,"['35.2238753', '128.6778442']",28
대한민국 서울특별시 대방동,"['37.5125541', '126.9263706']",40
대한민국 부산광역시 수민동,"['35.1990705', '129.0934977']",158
대한민국 경상남도 창원시 성산구 중앙동,"['35.2197924', '128.6753445']",8
대한민국 경상남도 창원시 성산구 중앙동 98-1,"['35.2230143', '128.6770109']",96
대한민국 경상남도 창원시 창원시 성산구 사파동 원이대로773번길 27,"['35.2193185', '128.6972552']",117
대한민국 경상남도 창원시 성산구 성산동 49,"['35.2029056', '128.6783169']",19
대한민국 경상남도 창원시 성산구 남산동 837-3,"['35.2024732', '128.7003208']",12
대한민국 경상남도 창원시 성산구 중앙동 96-1,"['35.2235698', '128.678983']",83
대한민국 경상남도 창원시 성산구 남양동 대암로 56 롯데아파트,"['35.2137658', '128.7019255']",48
대한민국 경상남도 창원시 성산구 중앙동 98-3,"['35.2224033', '128.6767054']",36
대한민국 경상남도 창원시 성산구 반지동,"['35.2455948', '128.6703721']",125
대한민국 경상남도 창원시 성산구 성산동 54,"['35.1990449', '128.6789836']",1
대한민국 경상남도 창원시 성산구 가음동 26,"['35.2044058', '128.6993149']",59
대한민국 부산광역시 중구 중앙동4가,"['35.1051459', '129.0359528']",14
대한민국 경상남도 창원시 성산구 상남동 토월로43번길 14,"['35.2163721', '128.6813594']",73
대한민국 경상남도 창원시 성산구 반림동 20,"['35.2359294', '128.6733165']",19
대한민국 경상남도 창원시 성산구 가음동 21-1,"['35.2085164', '128.6972039']",21
대한민국 경상남도 창원시 성산구 상남동 30-3번지,"['35.2192012', '128.680805']",20
대한민국 서울특별시 중구 남대문로5가 6-15,"['37.5583968', '126.972637']",1
대한민국 성산구 사파동 87-5번지 1층 창원시 경상남도 KR,"['35.2210883', '128.7015565']",1
대한민국 경상남도 창원시 성산구 중앙동 57-17,"['35.2234629', '128.6764906']",1
대한민국 반림동,"['35.237709', '128.668092']",7
대한민국 경상남도 창원시 성산구 상남동 77-1,"['35.2234359', '128.6822564']",2
대한민국 경상남도 창원시 성산구 가음정동 가음정로 127,"['35.20537789999999', '128.6979539']",67
대한민국 경상남도 창원시 성산구 상남동 76-4,"['35.2215825', '128.680607']",3
대한민국 성산구 상남동 10-2번지 하버드빌딩 108호 창원시 경상남도 KR,"['35.2223062', '128.6867705']",4
대한민국 성산구 남양동 12번지 한성종합상가 5층 5호 창원시 경상남도 KR,"['35.2139242', '128.7004284']",94
대한민국 경상남도 창원시 성산구 성산동 53,"['35.1995171', '128.6777893']",18
대한민국 경상남도 창원시 성산구 가음동 11-2,"['35.2107991', '128.6930383']",1
대한민국 성산구 사파동 148번지 동양무궁화아파트 창원시 경상남도 KR,"['35.2204351', '128.6939968']",87
대한민국 경상남도 창원시 성산구 내동 456-17,"['35.2170982', '128.6704562']",14
대한민국 경상남도 창원시 성산구 상남동 19-8,"['35.2200981', '128.6849269']",42
대한민국 경상남도 창원시 성산구 대방동 371,"['35.2065446', '128.7087029']",51
대한민국 경상남도 창원시 성산구 가음정동 원이대로878번길,"['35.2095113', '128.6942208']",446
대한민국 경남 창원시 성산구 중앙동 102-1,"['35.2198757', '128.6742057']",114
대한민국 경상남도 창원시 성산구 성주동 53,"['35.1962399', '128.6870385']",29
대한민국 경상남도 창원시 성산구 웅남동 40-1,"['35.209599', '128.6633459']",26
대한민국 성산구 성주동 24-4번지 창원시 경상남도 KR,"['35.1921533', '128.707413']",16
대한민국 경상남도 창원시 성산구 상남동 21-7,"['35.2202925', '128.6845659']",4
대한민국 경상남도 창원시 성산구 내동 번지 지하층 층 456-19 KR 미주상가 3호,"['35.21666039999999', '128.6700898']",8
대한민국 경상남도 창원시 성산구 상남동 17-4번지 KR 청계빌딩,"['35.2217019', '128.6853657']",5
대한민국 성산구 남산동 601-38번지 102호 남경상가 창원시 경상남도 KR,"['35.2030628', '128.6940544']",27
대한민국 성산구 상남동 17-8번지 정원빌딩 3층 창원시 경상남도 KR,"['35.2217203', '128.6850212']",14
대한민국 경상남도 창원시 성산구 상남동 78-3,"['35.2234865', '128.6808439']",11
대한민국 경상남도 창원시 성산구 상남동 원이대로 774 성원아파트 108동,"['35.218669', '128.6922333']",268
대한민국 성산구 상남동 5-3번지 1층 103호 성경상가 창원시 경상남도 KR,"['35.22399', '128.6848623']",29
대한민국 서울특별시 영등포구 신길7동 1444,"['37.5023472', '126.9193659']",21
대한민국 경상남도 창원시 성산구 대방동,"['35.2150158', '128.7051474']",43
대한민국 성산구 중앙동 96-1번지 1층 창원시 경상남도 KR,"['35.2236304', '128.6789383']",1
대한민국 경상남도 창원시 성산구 중앙동 중앙대로 105,"['35.22427630000001', '128.6795838']",13
대한민국 경상남도 창원시 성산구 상남동,"['35.2224313', '128.6890376']",20
대한민국 경상남도 창원시 성산구 중앙동 67-19,"['35.2251529', '128.6779275']",1
대한민국 서울특별시 동작구 대방동 508,"['37.5130915', '126.929391']",1
대한민국 경상남도 창원시 성산구 가음로,"['35.2068316', '128.7023361']",17
대한민국 경상남도 창원시 성산구 천선동 1142,"['35.1878243', '128.6943992']",26
대한민국 경상남도 창원시 성산구 중앙동 94-4,"['35.2244864', '128.6783163']",5
대한민국 경상남도 창원시 성산구 가음정동 가음정로23번길 33,"['35.211453', '128.690377']",1
대한민국 경상남도 창원시 성산구 상남동 4-4번지 1층,"['35.2232314', '128.6862312']",8
대한민국 경상남도 창원시 성산구 상남동 23-1,"['35.2211813', '128.6818439']",46
대한민국 경상남도 창원시 진해구 도만동 1,"['35.1478561', '128.6549595']",7
대한민국 경기도 화성시 반송동 탄요1길 13,"['37.190273', '127.07128']",4
대한민국 경상남도 창원시 성산구 상남동 1-1,"['35.2247642', '128.6842324']",26
상남동 상남오거리,"['35.2196815', '128.6840659']",289
대한민국 경상남도 창원시 성산구 중앙동 100-4,"['35.2200437', '128.6760228']",18
대한민국 성산구 중앙동 100-2번지 201호 현대오피스텔 창원시 경상남도 KR,"['35.22065740000001', '128.6763827']",14
대한민국 울산광역시 중구 성남동 젊음의거리 73,"['35.5543759', '129.3210248']",13
대한민국 경상남도 창원시 성산구 반지동 80-1,"['35.2405953', '128.6626785']",14
대한민국 경상남도 창원시 성산구 성산동 77-1,"['35.2061272', '128.6629572']",168
대한민국 경상남도 창원시 성산구 사파정동 630,"['35.2179598', '128.701981']",1
대한민국 경상남도 창원시 성산구 성산동 58,"['35.1960731', '128.678206']",44
대한민국 경상남도 창원시 성산구 대방동 창이대로899번길 13,"['35.2055725', '128.7080918']",31
대한민국 경상남도 창원시 성산구 반림동,"['35.242289', '128.6682049']",4
대한민국 경상남도 창원시 성산구 상남동 73-1,"['35.2211535', '128.6804829']",1
대한민국 경상남도 창원시 성산구 내동 452-15,"['35.2236806', '128.6589571']",1
대한민국 서울특별시 서초구 방배동,"['37.4938216', '126.9845543']",7
대한민국 경상남도 창원시 성산구 내동 452-14,"['35.2235417', '128.6580405']",48
대한민국 경상남도 창원시 성산구 중앙동 85-8,"['35.2258642', '128.6785834']",2
대한민국 경상남도 창원시 성산구 사파동 92,"['35.2207928', '128.7037585']",3
대한민국 경상남도 창원시 성산구 상남동 15-4,"['35.2225978', '128.6822882']",10
대한민국 경상남도 창원시 성산구 중앙동 외동반림로20번길,"['35.22407889999999', '128.6749145']",8
대한민국 경상남도 창원시 성산구 남양동 24,"['35.2095719', '128.7017312']",2
대한민국 경상남도 창원시 성산구 가음정동,"['35.2106273', '128.7011201']",17
대한민국 경상남도 창원시 성산구 신촌동 33-1,"['35.2008494', '128.6278772']",66
대한민국 경상남도 창원시 성산구 사파동 142,"['35.2213204', '128.6948982']",25
대한민국 경상남도 창원시 성산구 중앙동 두대로 219,"['35.224014', '128.6655953']",18
대한민국 경상남도 창원시 성산구 내동 456 12번지 KR,"['35.2175531', '128.6685582']",3
대한민국 경상남도 창원시 성산구 상남동 81-1,"['35.2192649', '128.6845103']",19
대한민국 경상남도 창원시 성산구 사파동 신사로 155,"['35.2188117', '128.7005337']",29
대한민국 경상남도 창원시 성산구 상남동 2-8,"['35.22307', '128.6872044']",6
대한민국 경상남도 창원시 성산구 안민동 214-1,"['35.1886575', '128.6888719']",64
대한민국 서울특별시 동작구 대방동 375-51,"['37.5054226', '126.9245509']",3
대한민국 경상남도 창원시 성산구 가음동 원이대로878번길 20,"['35.2107938', '128.692982']",53
대한민국 경상남도 창원시 성산구 중앙동 연덕로 144,"['35.21543279999999', '128.6643024']",3
대한민국 경상남도 창원시 성산구 가음동 14-5,"['35.2101828', '128.6933709']",24
대한민국 경상남도 창원시 성산구 가음정동,"['35.2137208', '128.6926974']",3
대한민국 경상남도 창원시 성산구 가음정동 625-2,"['35.2094912', '128.6865472']",1
대한민국 경상남도 창원시 성산구 대방동 356,"['35.2129605', '128.7065084']",41
대한민국 경상남도 창원시 성산구 중앙동 101-2,"['35.2190425', '128.6750112']",52
대한민국 경상남도 창원시 성산구 중앙동 외동반림로 51-88,"['35.2276195', '128.6690117']",33
대한민국 서울특별시 동작구 대방동 500,"['37.5093742', '126.9257818']",16
대한민국 서울특별시 동작구 대방동 378-3,"['37.5033238', '126.9253173']",2
대한민국 경상남도 창원시 성산구 신촌동 66,"['35.2116255', '128.6089898']",18
대한민국 경상남도 창원시 성산구 천선동 670-2,"['35.1843526', '128.7008153']",1
대한민국 경상남도 창원시 성산구 상남동,"['35.2217645', '128.6791774']",6
대한민국 경상남도 창원시 성산구 상남동 75-2,"['35.2226107', '128.6800898']",15
대한민국 경상남도 창원시 성산구 중앙동 104-1,"['35.2184434', '128.6711261']",155
대한민국 경상남도 창원시 성산구 중앙동 95-1,"['35.224036', '128.678417']",14
대한민국 경상남도 창원시 성산구 중앙동 두대로 203,"['35.224376', '128.663743']",3
대한민국 경상남도 창원시 창원시 성산구 대방동 대정로 132,"['35.2114117', '128.7068427']",27
대한민국 경상남도 사천시 대방동 322-29,"['34.9306211', '128.055688']",4
대한민국 서울특별시 동작구 대방동 378-1,"['37.5034933', '126.9253261']",1
대한민국 경상남도 창원시 성산구 반지동,"['35.2445114', '128.6603453']",21
대한민국 경상남도 창원시 성산구 상남동 19-2번지 1층,"['35.2211713', '128.685825']",18
대한민국 경상남도 창원시 마산회원구 내서읍 삼계리,"['35.2296769', '128.4963332']",14
대한민국 경상남도 창원시 성산구 사파동,"['35.2092943', '128.7074251']",57
대한민국 경남 창원시 성산구 상남동 74-6,"['35.2204868', '128.6782331']",2
대한민국 경상남도 창원시 성산구 성산동 58-20,"['35.1993474', '128.6752067']",1
대한민국 경상남도 창원시 성산구 상남동 44-1,"['35.221055', '128.6901717']",5
대한민국 경상남도 창원시 성산구 사파동 113-10,"['35.2215574', '128.6963483']",1
대한민국 경상남도 창원시 성산구 남양동 9,"['35.2130715', '128.7005368']",35
대한민국 경상남도 창원시 성산구 대방동 비음로 234,"['35.21484179999999', '128.7098669']",5
대한민국 경상남도 창원시 성산구 상남동 14-5,"['35.2226534', '128.6844547']",15
대한민국 경상남도 창원시 의창구 용호동 73-62,"['35.2284304', '128.6794272']",78
대한민국 경상남도 창원시 성산구 대방동 369-1,"['35.2100165', '128.7110637']",6
대한민국 경상남도 창원시 성산구 대방동,"['35.2091554', '128.7066752']",33
대한민국 경기도 용인시 처인구 김량장동 323-6,"['37.2351552', '127.2004122']",4
대한민국 경상남도 창원시 성산구 상남동 1-5번지 KR,"['35.2242425', '128.6851665']",16
대한민국 성산구 사파동 11-4번지 1층 103호 성오빌딩 창원시 경상남도 KR,"['35.2258311', '128.6988345']",31
대한민국 경상남도 창원시 성산구 가음정동 가음로 66,"['35.2072541', '128.7020822']",3
대한민국 경상남도 창원시 성산구 외동 853-22,"['35.2105714', '128.6819275']",8
대한민국 경상남도 창원시 성산구 성산동 79,"['35.2021555', '128.6674291']",5
대한민국 경상남도 창원시 성산구 사파동 창이대로707번길,"['35.2218647', '128.7023027']",1
대한민국 경상남도 창원시 성산구 상남동 46,"['35.2140712', '128.6902599']",76
대한민국 경상남도 창원시 성산구 사파동 1,"['35.22507', '128.6998976']",46
대한민국 경상남도 창원시 성산구 삼정자동 174,"['35.1950243', '128.7140805']",152
대한민국 경상남도 창원시 성산구 웅남동 62-9,"['35.2098766', '128.6574298']",3
대한민국 경상남도 창원시 성산구 가음정동 57,"['35.2126752', '128.6885675']",41
대한민국 경상남도 창원시 성산구 웅남동 웅남로 510,"['35.2111267', '128.667651']",1
대한민국 경상남도 창원시 성산구 가음정동 207-5,"['35.2093795', '128.6890735']",1
대한민국 경상남도 창원시 성산구 대방동 355,"['35.2151382', '128.7085075']",37
대한민국 성산구 성산동 77-1번지 창원SK테크노파크 메카존 209호 창원시 경상남도 KR,"['35.2055971', '128.6637619']",10
대한민국 경상남도 창원시 마산회원구 석전동 261-1,"['35.2287245', '128.5740475']",2
대한민국 성주동 불모산,"['35.1625226', '128.7414788']",17
대한민국 경상남도 창원시 성산구 성주동,"['35.1961014', '128.7097586']",3
대한민국 경상남도 창원시 성산구 대방동 377-3,"['35.2039951', '128.7115023']",471
대한민국 경상남도 창원시 성산구 가음동,"['35.205739', '128.7030923']",2
대한민국 경상남도 창원시 성산구 반송동 반송로,"['35.2396264', '128.666459']",92
대한민국 경상남도 창원시 성산구 외동 853-16,"['35.2129877', '128.6764835']",45
대한민국 경상남도 김해시 내동 129-7,"['35.2454373', '128.8649393']",10
대한민국 경상남도 창원시 성산구 중앙동 연덕로 171,"['35.2186321', '128.6625858']",1
대한민국 성산구 상남동 19-1번지 108호 새마음프라자 창원시 경상남도 KR,"['35.2213507', '128.6859737']",9
대한민국 성산구 가음동 7-1번지 3층 305호 중온빌딩 창원시 경상남도 KR,"['35.2068444', '128.701378']",34
대한민국 경상남도 창원시 성산구 대방동 332-5,"['35.2156546', '128.7053974']",1
대한민국 경상남도 창원시 성산구 웅남동 반월로,"['35.2074224', '128.635841']",7
대한민국 경상남도 창원시 성산구 가음정동,"['35.2073221', '128.6967317']",114
대한민국 경상남도 창원시 성산구 가음동 20-8,"['35.2061111', '128.6991667']",79
대한민국 경상남도 창원시 성산구 남산동 601-4,"['35.2026004', '128.6958153']",51
대한민국 경상남도 창원시 성산구 남양동 9,"['35.2129028', '128.7004459']",2
대한민국 경상남도 창원시 성산구 상남동 1-2,"['35.2246531', '128.6844546']",6
대한민국 경남 창원시 성산구 신촌동 23-3,"['35.197905', '128.629349']",18
대한민국 경상남도 창원시 성산구 토월동 비음로25번길 17,"['35.2310342', '128.6956723']",3
반지동 반지사거리,"['35.2415674', '128.6613452']",8
대한민국 경상남도 창원시 성산구 가음동 24-11,"['35.20571109999999', '128.6952042']",8
대한민국 경남 창원시 성산구 가음정동 24-3,"['35.2057389', '128.6966485']",16
대한민국 경기도 화성시 남양동 657-2,"['37.2084737', '126.8151763']",3
대한민국 서울특별시 강남구 도곡동 941-1,"['37.4901285', '127.0343273']",18
대한민국 서울특별시 동작구 대방동 상도로11길,"['37.500362', '126.9291703']",15
대한민국 경상남도 창원시 성산구 웅남동 40,"['35.2099044', '128.6603462']",45
대한민국 대구광역시 중구 남산1동 910-14,"['35.8648809', '128.5937511']",2
대한민국 경상남도 창원시 성산구 성주동 웅남로 726,"['35.1973374', '128.6896479']",101
대한민국 한강로2가 413번지 한신전자타운 B동 218호 용산구 서울특별시 KR,"['37.5340826', '126.9642473']",5
대한민국 성산구 성산동 77-1번지 창원SK테크노파크 테크존619호 창원시 경상남도 KR,"['35.2055971', '128.6637619']",38
대한민국 경상남도 창원시 성산구 신촌동 75-2,"['35.2129592', '128.6384315']",2
대한민국 경상남도 창원시 성산구 상남동 23-8,"['35.2210424', '128.681705']",1
대한민국 경상남도 창원시 성산구 상남동 45-1,"['35.2192928', '128.6916486']",5
대한민국 경상남도 창원시 성산구 성주동 30-5,"['35.1897132', '128.7027317']",6
대한민국 경상남도 창원시 성산구 상남동 74-6,"['35.2204035', '128.6782053']",2
대한민국 경상남도 창원시 성산구 신촌동 34,"['35.2037657', '128.6277105']",11
대한민국 경상남도 창원시 성산구 가음동 원이대로878번길 9,"['35.2085971', '128.6932113']",17
대한민국 경상남도 창원시 성산구 양곡동 201-1,"['35.208293', '128.6339876']",41
대한민국 경상남도 창원시 성산구 웅남동 반월로 46,"['35.2082375', '128.6345431']",13
대한민국 경상남도 창원시 성산구 상남동 9-4,"['35.2229589', '128.6864267']",5
대한민국 경상남도 창원시 성산구 성주동 47,"['35.1938792', '128.692788']",24
대한민국 경상남도 창원시 성산구 내동 456-21번지 일성그라미아파트 상가 1층 4호,"['35.2177834', '128.6686469']",26
대한민국 경상남도 창원시 성산구 남산동,"['35.1911017', '128.6952323']",10
대한민국 경상남도 창원시 성산구 안민동 237,"['35.1874192', '128.689728']",34
대한민국 경상남도 창원시 성산구 상남동 1-4,"['35.22438', '128.6849183']",3
대한민국 성산구 중앙동 99-1번지 8층 812호 메가플렉스 창원시 경상남도 KR,"['35.2213515', '128.6757294']",1
대한민국 경남 창원시 성산구 가음정동 21-2,"['35.2084053', '128.697565']",2
"대한민국 경상남도 창원시 창원시 마산회원구 마산, 봉암공단4길","['35.2176134', '128.5990165']",3
대한민국 부산광역시 금정구 구서2동 1006-1,"['35.2630449', '129.0849717']",3
대한민국 경상남도 창원시 성산구 상남동 69-4,"['35.2170428', '128.67665']",2
대한민국 경상남도 창원시 성산구 성주동 공단로 799,"['35.1867722', '128.7027912']",18
대한민국 경상남도 창원시 성산구 남산동 148,"['35.2025173', '128.7065643']",2
대한민국 성산구 남양동 22번지 광천목욕탕상가 1층 4호 창원시 경상남도 KR,"['35.2127497', '128.7021317']",5
대한민국 경상남도 창원시 성산구 대방동 338-3,"['35.2161546', '128.707786']",1
대한민국 경상남도 창원시 성산구 상남동 11-1,"['35.2226161', '128.685055']",4
대한민국 경상남도 창원시 성산구 성주동,"['35.1837972', '128.7055649']",8
대한민국 경상남도 창원시 성산구 웅남동 공단로271번길 39,"['35.2171567', '128.6539988']",164
대한민국 울산광역시 중구 성남동 48-8,"['35.555459', '129.32058']",1
대한민국 성산구 안민동 173-2번지 청솔파크 상가 4층 창원시 경상남도 KR,"['35.187163', '128.6894481']",4
대한민국 경상남도 창원시 성산구 안민동 163-5,"['35.1867688', '128.6894552']",29
대한민국 경상남도 창원시 성산구 중앙동 52-13,"['35.2224359', '128.6755681']",1
대한민국 경상남도 창원시 성산구 중앙동 57-16,"['35.223348', '128.676393']",1
대한민국 경상남도 창원시 성산구 성주동 30-6,"['35.190602', '128.703426']",49
웅남동 마산항 제5부두,"['35.1892391', '128.5941585']",3
대한민국 경상남도 창원시 성산구 안민동 143-7,"['35.1855468', '128.6904829']",39
대한민국 경상남도 창원시 성산구 천선동 1157,"['35.1860468', '128.6935937']",4
대한민국 경상남도 창원시 성산구 신촌동 72,"['35.2188476', '128.6486804']",4
대한민국 성산구 중앙동 93-1번지 평화상가오피스텔 오피스텔 916호 창원시 경상남도 KR,"['35.2247671', '128.6798958']",8
대한민국 경상남도 창원시 성산구 성주동,"['35.1863523', '128.6960379']",12
대한민국 경상남도 창원시 성산구 성주동 공단로 735,"['35.1895319', '128.6950231']",6
대한민국 경상남도 창원시 성산구 성주동 창원대로 1086,"['35.1984343', '128.7027314']",9
대한민국 경상남도 창원시 성산구 웅남동 44-6,"['35.214126', '128.652819']",33
대한민국 경상남도 창원시 성산구 안민동 70,"['35.1870744', '128.6922883']",42
대한민국 경상남도 창원시 성산구 웅남동 54,"['35.2067659', '128.6605407']",244
대한민국 경상남도 창원시 성산구 삼정자동 467-1,"['35.2012397', '128.7119805']",9
대한민국 부산광역시 녹산동,"['35.1244228', '128.8970867']",43
대한민국 성산구 남산동 601-4번지 창원시 경상남도 KR,"['35.2026192', '128.6958066']",37
대한민국 경상남도 창원시 성산구 신촌동 110-2,"['35.2094597', '128.6405981']",3
대한민국 경상남도 창원시 성산구 상남동,"['35.2202092', '128.6850103']",1
대한민국 경상남도 창원시 성산구 웅남동 44-5,"['35.2154037', '128.6532634']",3
대한민국 경상남도 창원시 창원시 성산구 대방동 대암로 203,"['35.2075538', '128.7114322']",7
대한민국 경상남도 창원시 성산구 동산로,"['35.2184076', '128.6903335']",4
대한민국 경상남도 창원시 성산구 사파동 동산로 166,"['35.2222561', '128.6939695']",14
대한민국 경상남도 창원시 성산구 반지동 반지로 16,"['35.2399312', '128.6602333']",1
대한민국 경상남도 창원시 성산구 외동 853-35,"['35.2122378', '128.6789833']",13
대한민국 성산구 대방동 357번지 창원시 경상남도 KR,"['35.2128563', '128.7078166']",22
대한민국 마산합포구 산호동 338-22번지 창원시 경상남도 KR,"['35.20898210000001', '128.5831891']",393
대한민국 성산구 대방동 355번지 성원상가3차아파트 210호 창원시 경상남도 KR,"['35.2151382', '128.7085075']",41
대한민국 경상남도 창원시 성산구 가음정동,"['35.208072', '128.6968428']",678
대한민국 성산구 상남동 36-2번지 2층 창원시 경상남도 KR,"['35.2193756', '128.6834428']",2
대한민국 경상남도 창원시 성산구 반지동 66-2,"['35.2400492', '128.6637106']",1
대한민국 웅남동,"['35.213247', '128.637423']",169
대한민국 경상남도 창원시 성산구 신촌동 66-5,"['35.2064038', '128.6020462']",1
대한민국 성산구 웅남동 62-8번지 창원시 경상남도 KR,"['35.2094093', '128.6574469']",1
대한민국 경상남도 창원시 성산구 성주동 5,"['35.1982971', '128.7028123']",21
대한민국 경상남도 창원시 성산구 내동 454-1,"['35.2225014', '128.6609762']",4
대한민국 서울특별시 양천구 신월5동 59-1,"['37.5391744', '126.8299014']",7
대한민국 경상남도 창원시 성산구 외동 853-20,"['35.2116546', '128.6789555']",14
대한민국 경상남도 창원시 성산구 중앙동 76-4,"['35.2278193', '128.6787329']",15
대한민국 경상남도 창원시 성산구 상남동 35-6,"['35.2197116', '128.6831732']",4
대한민국 경상남도 창원시 창원시 의창구 명서동 명서로77번길 21,"['35.2510661', '128.6505682']",1
대한민국 경상남도 창원시 마산합포구 산호동 323-3,"['35.2105141', '128.5849366']",1
대한민국 경상남도 창원시 성산구 성주동 24-9,"['35.1931572', '128.705398']",4
대한민국 경상남도 창원시 성산구 중앙동 89-6,"['35.2271527', '128.6796495']",1
대한민국 경상남도 창원시 성산구 남산동 604-17,"['35.1919628', '128.6955378']",17
대한민국 경상남도 창원시 창원시 성산구 성주동 공단로 732,"['35.1890186', '128.6937603']",1
대한민국 가음정동,"['35.209788', '128.695936']",14
대한민국 경상남도 창원시 성산구 중앙동 94-3,"['35.2247919', '128.6785107']",1
대한민국 경상남도 창원시 성산구 상남동 63,"['35.2180149', '128.6795942']",4
대한민국 부산시 중구 중앙대로 지하17,"['35.0988359', '129.036119']",69
대한민국 경상남도 창원시 성산구 신촌동 81-1,"['35.2065988', '128.6349875']",5
대한민국 경상남도 창원시 성산구 신촌동 192-23,"['35.208543', '128.6352097']",3
대한민국 경상남도 창원시 마산합포구 평화동 4-3,"['35.1882423', '128.5586338']",2
대한민국 경상남도 창원시 성산구 외동 853-36,"['35.2100437', '128.6828996']",2
대한민국 경상남도 창원시 성산구 사파동,"['35.2225425', '128.6955925']",9
대한민국 부산광역시 금정구 남산동 남산로 66,"['35.2677773', '129.0855492']",1
대한민국 경상남도 창원시 성산구 남산동 604-16,"['35.1935324', '128.6955985']",6
대한민국 경상남도 창원시 성산구 반림동 14-8,"['35.2354016', '128.6699835']",5
대한민국 경상남도 창원시 성산구 가음정동,"['35.2097106', '128.6938153']",2
대한민국 서울특별시 마포구 성산동 590-4,"['37.5656447', '126.9032546']",36
대한민국 경상남도 창원시 성산구 상남동 29-1번지 1층,"['35.2190571', '128.6799789']",35
대한민국 경상남도 창원시 성산구 상남동 34-2번지 1층,"['35.2205922', '128.6815801']",4
대한민국 경상남도 창원시 성산구 남산동 601-19,"['35.2044057', '128.6917323']",63
대한민국 가음정동,"['35.208797', '128.700595']",24
대한민국 경상남도 창원시 진해구 중앙동 6,"['35.1496616', '128.6611255']",2
대한민국 경상남도 창원시 성산구 상남동 17-6,"['35.2213889', '128.6855556']",1
대한민국 경상남도 창원시 성산구 상남동 마디미로22번길 17,"['35.22307', '128.6827882']",1
대한민국 경상남도 창원시 성산구 상남동 11-6번지 1층,"['35.2222921', '128.6851127']",8
대한민국 경상남도 창원시 성산구 적현로 311,"['35.1996342', '128.5960018']",7
대한민국 경남 창원시 성산구 상남동27-1,"['35.220848', '128.680955']",7
대한민국 경상남도 창원시 성산구 상남동 번지 1층 22-7 KR 102호 케이빌딩,"['35.22016050000001', '128.6834768']",1
대한민국 경상남도 창원시 성산구 삼정자동 341,"['35.1971846', '128.7096752']",1
대한민국 서울특별시 동작구 대방동 395-18,"['37.49990260000001', '126.9258221']",8
대한민국 경상남도 창원시 성산구 성산동 59,"['35.1983504', '128.6712344']",17
대한민국 경상남도 창원시 성산구 웅남동 63-3,"['35.2096266', '128.6562632']",28
대한민국 경상남도 창원시 성산구 성산동 52,"['35.2005447', '128.6767616']",64
대한민국 웅남동,"['35.208068', '128.626355']",2
대한민국 경상남도 창원시 성산구 신촌동 23-1,"['35.19990500000001', '128.6292105']",15
대한민국 경상남도 창원시 성산구 웅남동,"['35.199294', '128.6290438']",6
대한민국 경상남도 창원시 성산구 신촌동 22-1,"['35.2022522', '128.628583']",5
대한민국 성산구 중앙동 78-12번지 1층 대진상가 창원시 경상남도 KR,"['35.2275662', '128.6779275']",10
대한민국 경상남도 창원시 성산구 상남동 18-6 KR,"['35.2210928', '128.6851949']",3
대한민국 경상남도 창원시 성산구 성주동 정동로162번길 34,"['35.2029059', '128.6942599']",2
대한민국 경상남도 창원시 성산구 상남동 21-12,"['35.2209313', '128.6836215']",5
대한민국 경상남도 창원시 성산구 상남동 마디미로43번길 2 봉림빌딩,"['35.2205168', '128.683281']",1
대한민국 경상남도 창원시 성산구 삼정자동 삼정자로 79,"['35.2015533', '128.7141634']",74
대한민국 성산구 상남동 34-9번지 401호 우남빌딩 창원시 경상남도 KR,"['35.2204289', '128.6814524']",1
대한민국 경상남도 창원시 성산구 사파동 80,"['35.223284', '128.701426']",51
대한민국 경상남도 김해시 장유면 칠산로 128,"['35.1850495', '128.8355249']",6
대한민국 경상남도 창원시 성산구 가음동 12-15,"['35.2088388', '128.6903188']",8
대한민국 경상남도 창원시 성산구 상남동 마디미로9번길 9,"['35.2228742', '128.6864226']",1
대한민국 성산구 안민동 71번지 1층 104호 동양상가 빌딩 창원시 경상남도 KR,"['35.1868707', '128.6920259']",1
대한민국 웅남동 101 동부산아이존빌아파트,"['35.2010162', '128.6279323']",2
대한민국 경상남도 창원시 성산구 신촌동 33-8,"['35.198683', '128.6282106']",8
대한민국 경상남도 창원시 성산구 상남동 토월로43번길 39,"['35.2162646', '128.6783994']",14
대한민국 경상남도 창원시 성산구 가음정동,"['35.2079886', '128.6954541']",6
대한민국 경상남도 창원시 성산구 상남동 27-2,"['35.2206178', '128.6807202']",7
대한민국 경상남도 창원시 성산구 사파동 비음로4번길 33-11,"['35.227351', '128.699302']",50
대한민국 경상남도 창원시 진해구 이동 445-2,"['35.1553559', '128.6933446']",6
대한민국 경상남도 창원시 성산구 웅남동 61-46,"['35.2075157', '128.6551801']",36
대한민국 부산광역시 금정구 남산동 중앙대로2097번길 4,"['35.2715718', '129.0922208']",2
대한민국 성산구 상남동 2-1번지 창원시 경상남도 KR,"['35.2238063', '128.6859384']",3
대한민국 경상남도 창원시 성산구 천선동 102,"['35.1769927', '128.7173417']",25
대한민국 경상남도 창원시 성산구 신촌동 22-4,"['35.201516', '128.6294326']",2
대한민국 경상남도 창원시 성산구 성주동,"['35.2260699', '128.6986755']",2
대한민국 경상남도 창원시 성산구 상남동 1-1,"['35.224736', '128.684205']",2
대한민국 경상남도 창원시 성산구 가음정동,"['35.2067666', '128.6995926']",1
대한민국 경상남도 창원시 성산구 성주동 44,"['35.1963788', '128.6912603']",11
중앙동 중앙동오거리,"['35.2272083', '128.6775941']",11
대한민국 경상남도 창원시 마산합포구 반월동,"['35.189905', '128.5628281']",1
대한민국 경상남도 창원시 성산구 웅남동 62-5,"['35.20921', '128.65543']",16
대한민국 경상남도 창원시 성산구 성주동 곰절길,"['35.1828449', '128.7114518']",7
사파정동 불곡사사거리,"['35.2152102', '128.704453']",3
대한민국 경상남도 창원시 창원시 의창구 대원동 창원대로 494,"['35.2288684', '128.6493458']",4
대한민국 경상남도 창원시 성산구 반림동 16,"['35.2344017', '128.6690669']",1
대한민국 중앙동,"['35.217441', '128.67043']",20
대한민국 경상남도 창원시 성산구 반지동 반송로 16,"['35.2434181', '128.6605198']",1
대한민국 서울특별시 동작구 대방동 358번지 대동훼미리코아제상가 동 1층 133호,"['37.5097602', '126.9252499']",15
대한민국 경상남도 창원시 성산구 웅남동 62-6,"['35.2087378', '128.6562355']",1
대한민국 경상남도 창원시 창원시 성산구 웅남동 공단로 280,"['35.212654', '128.651958']",1
대한민국 경상남도 창원시 성산구 중앙동 용지로133번길 17,"['35.2281089', '128.6783989']",1
대한민국 경상남도 창원시 성산구 중앙동 원이대로580번길 2,"['35.2281696', '128.6781786']",1
대한민국 경상남도 김해시 서상동 70-8,"['35.2341834', '128.8812693']",3
대한민국 경상남도 창원시 성산구 중앙동 원이대로580번길,"['35.2266765', '128.6775135']",3
대한민국 경상남도 창원시 성산구 중앙동 용지로121번길,"['35.2274051', '128.6783126']",2
대한민국 경상남도 창원시 성산구 대방동,"['35.2081277', '128.7068697']",6
대한민국 서울특별시 서대문구 창천동,"['37.556452', '126.9370571']",2
대한민국 경상남도 창원시 성산구 웅남동 60-2,"['35.2074933', '128.6537258']",2
대한민국 경상남도 창원시 성산구 신촌동,"['35.1993218', '128.6285439']",3
대한민국 경상남도 창원시 성산구 상남동 마디미로10번길 3,"['35.22343000000001', '128.6848051']",1
대한민국 경상남도 창원시 성산구 사파동 창이대로663번길 1,"['35.2256508', '128.6990509']",7
대한민국 가음정동,"['35.210059', '128.699047']",14
대한민국 경상남도 창원시 성산구 신촌동 124-1,"['35.206738', '128.6508194']",6
대한민국 경상남도 창원시 성산구 가음동 20-12,"['35.2064889', '128.6985927']",23
대한민국 경상남도 창원시 성산구 성주동 안민안길,"['35.1873188', '128.6928393']",1
대한민국 경상남도 창원시 성산구 가음정동 391-9,"['35.20882', '128.6848941']",3
웅남동 정동사거리,"['35.200017', '128.6751784']",3
대한민국 성산구 성주동 30번지 1층 창원시 경상남도 KR,"['35.1871427', '128.7031774']",41
대한민국 경상남도 창원시 성산구 천선동 1142,"['35.1883521', '128.6943436']",5
대한민국 경상남도 창원시 성산구 사파동 99-3,"['35.221626', '128.7000366']",1
대한민국 경상남도 창원시 성산구 반지동 충혼로175번길,"['35.2411384', '128.6638173']",1
대한민국 경상남도 창원시 성산구 외동 853-12,"['35.2064885', '128.67965']",1
대한민국 서울특별시 동작구 상도동 22-56,"['37.505254', '126.945649']",6
대한민국 성산구 상남동 18-4번지 아도니스빌딩 701호 창원시 경상남도 KR,"['35.221353', '128.685084']",1
대한민국 경상남도 창원시 성산구 반지동 510,"['35.2402374', '128.6637418']",3
대한민국 성주동,"['35.202274', '128.696959']",11
대한민국 성산구 성주동 54번지 54번지 창원시 경상남도 KR,"['35.1954548', '128.6839309']",22
대한민국 경상남도 창원시 성산구 중앙동 89-3,"['35.227486', '128.6792884']",13
대한민국 경상남도 창원시 성산구 상남동 5-4,"['35.2238485', '128.6850182']",4
대한민국 경상남도 창원시 성산구 상남동 15-2,"['35.2228328', '128.6825963']",1
대한민국 경상남도 창원시 성산구 신촌동,"['35.2129871', '128.6457919']",4
대한민국 경상남도 창원시 성산구 상남동 43-3,"['35.2210303', '128.6873232']",4
대한민국 경상남도 창원시 성산구 상남동 56-9,"['35.2147932', '128.686788']",1
대한민국 경기도 김포시 사우동 921-2,"['37.6188338', '126.7206618']",29
대한민국 부산광역시 중구 동광동3가,"['35.1017802', '129.0346109']",2
대한민국 서울특별시 마포구 성산동 518-3,"['37.56991360000001', '126.8959831']",15
대한민국 경상남도 반림동 창원시 성산구 반림동 화성빌딩 내 2층,"['35.236055', '128.6719407']",3
대한민국 경상남도 창원시 성산구 대방동 1036-1,"['35.215766', '128.70162']",5
대한민국 경상남도 창원시 성산구 중앙동 중앙대로 90,"['35.220373', '128.679882']",1
대한민국 경상남도 창원시 성산구 중앙동 외동반림로 74,"['35.2264061', '128.6735523']",1
대한민국 남산동,"['35.203536', '128.706129']",1
대한민국 경상남도 창원시 성산구 안민동 산112,"['35.1768106', '128.6764409']",3
대한민국 경상남도 창원시 성산구 성주동 48-6,"['35.1920738', '128.6938991']",1
대한민국 경상남도 창원시 의창구 신월동 원이대로 627,"['35.2273822', '128.6846424']",2
대한민국 경상남도 창원시 성산구 사파동 536-9,"['35.2287635', '128.696779']",1
대한민국 부산광역시 중구 중앙대로,"['35.1056173', '129.0365558']",1
대한민국 경상남도 창원시 성산구 대방동 356,"['35.2122661', '128.707314']",5
대한민국 성주동,"['35.187247', '128.70623']",7
대한민국 경상남도 창원시 의창구 팔용동 36,"['35.2379161', '128.6391561']",1
대한민국 경상남도 창원시 성산구 신촌동 116-2,"['35.2109595', '128.6415424']",2
대한민국 경상남도 창원시 성산구 성산동 76-10,"['35.21068229999999', '128.6683732']",1
대한민국 성산구 신촌동 115-2번지 창원시 경상남도 KR,"['35.210518', '128.6409919']",7
대한민국 경상남도 창원시 성산구 중앙동 80-6,"['35.2264305', '128.6779148']",1
대한민국 부산광역시 금정구 남산동 129-15,"['35.2611977', '129.0906222']",1
대한민국 경상남도 창원시 성산구 불모산동 산50-1,"['35.1936206', '128.7201781']",1
대한민국 경상남도 창원시 성산구 가음정동 391-1,"['35.2094882', '128.6836496']",1
대한민국 경상남도 창원시 성산구 대방동 370-1,"['35.2071557', '128.7105638']",6
대한민국 경상남도 창원시 성산구 가음동 508,"['35.205459', '128.6991882']",3
대한민국 경상남도 창원시 성산구 반림동 12,"['35.2361111', '128.6705556']",1
대한민국 경상남도 창원시 성산구 웅남동 삼귀로,"['35.1638844', '128.6108749']",5
대한민국 경상남도 창원시 성산구 신촌동 115-2,"['35.2106818', '128.6410146']",2
대한민국 성산구 중앙동 69-8번지 창원시 경상남도 KR,"['35.22674430000001', '128.6770902']",1
대한민국 사파정동,"['35.218504', '128.702337']",7
대한민국 경상남도 창원시 성산구 가음정동 391-10,"['35.2074886', '128.6872604']",1
대한민국 경상남도 창원시 성산구 신촌동 63-5,"['35.1997783', '128.5947553']",1
대한민국 성산구 사파동 30-19번지 지하층 창원시 경상남도 KR,"['35.2294766', '128.6998776']",1
대한민국 경상남도 창원시 성산구 대방동 370-2,"['35.206989', '128.7107304']",4
대한민국 경상남도 창원시 성산구 중앙동 용지로,"['35.2224237', '128.6757997']",1
대한민국 가음정동,"['35.203345', '128.705007']",1
대한민국 경상남도 창원시 성산구 사파동 12-11,"['35.2261593', '128.6989725']",1
대한민국 경상남도 창원시 성산구 웅남동 43-3,"['35.2128207', '128.6544855']",2
대한민국 경상남도 창원시 성산구 사파동 창이대로,"['35.2193851', '128.7014723']",2
대한민국 성산구 상남동 19-3번지 2층 202호 신명프라자 창원시 경상남도 KR,"['35.2210035', '128.6856786']",29
대한민국 경남 창원시 성산구 성산동 74-1,"['35.2046', '128.670901']",2
대한민국 부산광역시 해운대구 반송동 반송로 884,"['35.2302722', '129.150772']",3
대한민국 경상남도 창원시 성산구 사파동 147,"['35.21846', '128.694204']",2
대한민국 경상남도 창원시 성산구 대방동,"['35.2166667', '128.7113889']",5
대한민국 경상남도 창원시 성산구 가음동 20-4,"['35.2070999', '128.6989815']",2
대한민국 경상남도 창원시 성산구 사파동 대암로 256,"['35.2050262', '128.7107569']",48
대한민국 경상남도 창원시 의창구 신월동,"['35.2239867', '128.6933427']",2
대한민국 경상남도 창원시 성산구 반지동 반송로 11,"['35.2438102', '128.6608559']",1
대한민국 경상남도 창원시 창원시 성산구 중앙동 두대로 165,"['35.2266247', '128.6612901']",1
대한민국 경상남도 창원시 성산구 내동 산8-1,"['35.227208', '128.66179']",5
웅남동 완암사거리,"['35.2097378', '128.6581242']",1
대한민국 경상남도 창원시 성산구 대방동,"['35.2040727', '128.7092584']",3
대한민국 서울특별시 마포구 성산동 148-51,"['37.5689225', '126.9063384']",4
대한민국 경상남도 창원시 성산구 신촌동 19-1,"['35.2099039', '128.6281236']",1
대한민국 상남동,"['35.22482', '128.685464']",2
대한민국 경상남도 창원시 성산구 중앙동,"['35.2287636', '128.6768997']",47
대한민국 경상남도 창원시 성산구 성주동 56,"['35.1939068', '128.6839555']",1
대한민국 경상남도 창원시 성산구 성산동 74-2,"['35.203572', '128.6697066']",4
대한민국 경상남도 창원시 창원시 마산회원구 양덕2동 삼호로 107,"['35.224429', '128.5798533']",1
대한민국 성산구 상남동 8-2번지 201호 창원시 경상남도 KR,"['35.2238629', '128.6847008']",1
대한민국 경상남도 창원시 성산구 가음동 20-1번지 KR 가음정종합상가 1층 4호,"['35.207531', '128.698938']",5
대한민국 경상남도 창원시 성산구 대방동 345-8,"['35.2128772', '128.7099803']",4
대한민국 경상남도 창원시 성산구 대방동 345-7,"['35.2130716', '128.7099803']",5
대한민국 경상남도 창원시 성산구 사파동 106-1,"['35.2217926', '128.6982312']",9
대한민국 경상남도 창원시 성산구 반림동 트리비앙상가 주구중심상가 1동 209호,"['35.2360136', '128.6692499']",2
대한민국 경상남도 창원시 성산구 남산동 604-9,"['35.1971566', '128.6937323']",8
대한민국 경상남도 창원시 성산구 중앙동 78-12 KR,"['35.2275662', '128.6779275']",1
대한민국 경상남도 창원시 성산구 중앙동 102-5,"['35.2188203', '128.6733447']",34
대한민국 경상남도 창원시 성산구 중앙동 93-1번지 평화상가오피스텔 오피스텔 1층 120 121호,"['35.2247671', '128.6798958']",2
대한민국 경상남도 창원시 성산구 웅남동 40-7,"['35.2082102', '128.6617072']",2
대한민국 경기도 동두천시 생연동 594-1,"['37.905328', '127.0544802']",3
대한민국 경상남도 창원시 성산구 상남동 동산로48번길,"['35.2156441', '128.6890606']",7
대한민국 성산구 사파동 124-5번지 201호 삼복빌딩 창원시 경상남도 KR,"['35.2243938', '128.698909']",3
토월동 사파교차로,"['35.2244313', '128.7032862']",1
대한민국 성산구 상남동 4-2번지 2층 201호 백양상가 창원시 경상남도 KR,"['35.2234182', '128.6858758']",6
대한민국 경상남도 창원시 성산구 상남동 7-4,"['35.2238199', '128.6833159']",1
대한민국 가음정동,"['35.20549', '128.70339']",1
대한민국 가음정동,"['35.20884', '128.700859']",10
대한민국 경상남도 창원시 성산구 상남동 24,"['35.2210861', '128.683007']",1
대한민국 경상남도 창원시 창원시 성산구 웅남동 봉양로 411,"['35.2070709', '128.6282104']",1
대한민국 성산구 상남동 43-3번지 한마음병원 창원시 경상남도 KR,"['35.2210303', '128.6873232']",1
대한민국 경상남도 창원시 성산구 중앙동 외동반림로 20,"['35.2220798', '128.6728245']",1
대한민국 웅남동,"['35.16459', '128.600017']",2
대한민국 경상남도 창원시 성산구 중앙동 외동반림로74번길,"['35.2251731', '128.6753814']",13
대한민국 경상남도 창원시 성산구 대방동 375,"['35.2046562', '128.7098101']",4
대한민국 경상남도 창원시 성산구 웅남동 43-1,"['35.2159277', '128.6562538']",1
상남동 토월천사거리,"['35.2174595', '128.6822884']",2
대한민국 경상남도 창원시 성산구 상남동 77-2,"['35.223257', '128.6818627']",8
대한민국 경상남도 창원시 성산구 웅남동 40-4,"['35.2088213', '128.6616516']",1
성주동 천선삼거리,"['35.1871855', '128.6955657']",1
대한민국 경상남도 창원시 성산구 웅남동 61-47,"['35.2076642', '128.6542928']",3
대한민국 경기도 화성시 반송동 222,"['37.19477639999999', '127.0767759']",1
대한민국 경상남도 창원시 성산구 성산동 46,"['35.2025724', '128.6825388']",4
대한민국 성산구 안민동 72번지 한솔프라자 106호 미스터큐 창원시 경상남도 KR,"['35.1865954', '128.6917666']",2
대한민국 경상남도 창원시 성산구 웅남동 공단로166번길,"['35.2134391', '128.6444526']",1
대한민국 성주동,"['35.20182399999999', '128.697612']",30
대한민국 경상남도 창원시 성산구 가음정동,"['35.210655', '128.6984259']",4
대한민국 경상남도 창원시 성산구 성주동 대암로 253,"['35.2020656', '128.7114718']",4
대한민국 대방동 417-3번지 동작구 서울특별시 KR,"['37.4988257', '126.9206601']",1
대한민국 경상남도 창원시 성산구 상남동 45-1,"['35.215627', '128.693898']",2
대한민국 경상남도 창원시 성산구 외동 853-1,"['35.2142105', '128.675512']",1
대한민국 경기도 성남시 분당구 삼평동 판교로319번길 6,"['37.4046191', '127.1098961']",1
대한민국 KR 경남 창원시 성산구 남산동 601-26,"['35.1995647', '128.7004281']",18
대한민국 경상남도 창원시 성산구 중앙동 창원대로 797,"['35.21495970000001', '128.6770389']",1
대한민국 경상남도 창원시 성산구 삼동동 두대로 153,"['35.2273746', '128.6601513']",1
대한민국 경남 창원시 성산구 사파정동(산) 95,"['35.217182', '128.6957038']",6
대한민국 성산구 상남동 15-2번지 601호 한독빌딩 창원시 경상남도 KR,"['35.2228328', '128.6825963']",1
대한민국 경상남도 창원시 성산구 중앙동 원이대로 578,"['35.2284458', '128.6778403']",203
대한민국 경상남도 창원시 성산구 사파동 창이대로663번길,"['35.2262862', '128.7006802']",1
대한민국 경상남도 창원시 성산구 내동,"['35.2223753', '128.6645677']",91
대한민국 경상남도 창원시 성산구 상남동 마디미로3번길,"['35.2231768', '128.686457']",7
대한민국 울산광역시 중구 중앙동 종가로 345,"['35.5660112', '129.3141997']",1
대한민국 경상남도 창원시 성산구 귀산동 536,"['35.1641109', '128.6078436']",1
대한민국 경상남도 창원시 성산구 사파동 신사로 173,"['35.2188889', '128.7013889']",3
대한민국 경상남도 성산구 귀곡동 717,"['35.1706057', '128.5973158']",1
대한민국 경상남도 창원시 성산구 상남동 58-1,"['35.2166667', '128.6830556']",7
대한민국 경상남도 창원시 성산구 내동,"['35.2196531', '128.651319']",1
대한민국 경상남도 창원시 성산구 신촌동 번지 2층 21-7 KR 동보상가,"['35.20462759999999', '128.628363']",1
대한민국 경상남도 창원시 성산구 상남동 23-3번지 1층,"['35.2208765', '128.6824766']",1
대한민국 경상남도 창원시 성산구 중앙동 창원대로 813,"['35.2139599', '128.6801498']",1
대한민국 경상남도 창원시 성산구 신촌동 15-4,"['35.2078763', '128.6265994']",1
대한민국 경기도 성남시 중원구 중앙동 7-1,"['37.4439697', '127.1574833']",13
대한민국 경상남도 창원시 성산구 성산동 77-1 KR 번지 창원SK테크노파크 넥스동 2층,"['35.2055971', '128.6637619']",112
대한민국 경상남도 창원시 천선동 627,"['35.169771', '128.699899']",22
대한민국 경상남도 창원시 성산구 신촌동 118-7,"['35.213626', '128.6457641']",2
대한민국 서울특별시 동작구 여의대방로44길 47,"['37.5101302', '126.9300803']",5
대한민국 경상남도 창원시 성산구 상남동 45-1,"['35.2156821', '128.6921486']",28
대한민국 경상남도 창원시 의창구 신월동,"['35.2301805', '128.6956201']",1
대한민국 성주동,"['35.189891', '128.69323']",1
대한민국 경상남도 창원시 성산구 불모산동 285-1,"['35.1907736', '128.7225394']",1
대한민국 경상남도 창원시 성산구 상남동 마디미로9번길,"['35.2230155', '128.6859398']",2
대한민국 경상남도 창원시 진해구 자은동 857-1,"['35.1471071', '128.7054548']",12
대한민국 반림동,"['35.23611', '128.671913']",9
대한민국 경상남도 창원시 성산구 사파동 85-21번지 KR 오션타워빌딩 201호 호,"['35.2220532', '128.7011913']",1
사파동 사파삼거리,"['35.225431', '128.6963424']",1
대한민국 경상남도 창원시 성산구 상남동 단정로,"['35.217803', '128.6866566']",2
대한민국 경상남도 창원시 성산구 안민동 3-4,"['35.1905064', '128.6865785']",26
대한민국 경상남도 창원시 성산구 상남동 마디미로4번길,"['35.223935', '128.6849695']",1
대한민국 팔룡동,"['35.241001', '128.652868']",1
대한민국 경상남도 창원시 성산구 외동 853-5,"['35.2102102', '128.6749004']",1
대한민국 경상남도 창원시 성산구 신촌동 105-5,"['35.2078488', '128.6402926']",1
대한민국 성산구 사파동 112-1번지 1층 창원시 경상남도 KR,"['35.2214418', '128.696846']",2
대한민국 경상남도 창원시 창원시 성산구 중앙동 원이대로538번길 24,"['35.2292357', '128.6722057']",1
대한민국 서울특별시 동작구 대방동 376-28,"['37.5041179', '126.9243604']",1
대한민국 성산구 대방동 366-5번지 4층 401호 다성빌딩 창원시 경상남도 KR,"['35.2072385', '128.7080029']",4
상남동 웅남초등사거리,"['35.2167375', '128.6883989']",1
대한민국 서울특별시 서대문구 대현동 110-35번지 지하 1층,"['37.55796', '126.9422765']",1
대한민국 경상남도 창원시 성산구 반지동 26,"['35.2439283', '128.6660114']",3
대한민국 두동,"['35.11571199999999', '128.793376']",1
대한민국 경상남도 창원시 성산구 반지동 반지로3번길 14,"['35.2402064', '128.6584567']",1
대한민국 경상남도 창원시 성산구 상남동 514-10,"['35.2143029', '128.6898883']",6
대한민국 경상남도 창원시 성산구 상남동 513,"['35.2151671', '128.6904042']",7
대한민국 경상남도 창원시 성산구 사파동 506,"['35.2191894', '128.6974397']",27
대한민국 사파정동,"['35.218297', '128.695976']",16
대한민국 경상남도 창원시 성산구 남양동 22,"['35.2127497', '128.7021317']",6
대한민국 경상남도 창원시 성산구 대방동 317-3,"['35.213279', '128.704892']",12
대한민국 경상남도 창원시 성산구 상남동 81-16,"['35.2191406', '128.6846765']",1
대한민국 서울특별시 동작구 신대방동 신대방1다길 24,"['37.4866159', '126.9059867']",5
대한민국 경상남도 창원시 성산구 중앙동 75-8,"['35.2280406', '128.6780281']",2
대한민국 서울특별시 동작구 대방동 387-29,"['37.5030552', '126.923326']",36
대한민국 서울특별시 동작구 대방동 대방동길 74,"['37.5044138', '126.9274069']",1
대한민국 경상남도 창원시 성산구 남양동 504,"['35.20874420000001', '128.703626']",4
대한민국 경상남도 창원시 성산구 중앙동 501-2,"['35.2234779', '128.6781593']",10
대한민국 경상남도 창원시 성산구 사파동 신사로,"['35.220777', '128.6971935']",7
대한민국 경상남도 창원시 성산구 상남동 507-3,"['35.2142708', '128.6948648']",1
대한민국 경상남도 창원시 성산구 상남동 65-1,"['35.2164697', '128.6793994']",1
대한민국 부산광역시 동구 초량6동 망양로 533-5,"['35.1198148', '129.029509']",2
대한민국 경상남도 창원시 성산구 사파정동 1118,"['35.2190936', '128.7071216']",1
대한민국 경상남도 창원시 성산구 상남동 506,"['35.2184363', '128.6899672']",50
대한민국 서울특별시 동작구 대방동 396-16,"['37.5001574', '126.9244115']",2
대한민국 경상남도 창원시 성산구 반림동 4-1,"['35.2361526', '128.6754193']",1
대한민국 경상남도 창원시 성산구 사파동 147,"['35.2187083', '128.6947378']",42
대한민국 경상남도 창원시 성산구 안민동 162-6,"['35.1864773', '128.6895631']",2
대한민국 서울특별시 동작구 대방동 381-12,"['37.5047106', '126.9239413']",2
대한민국 경상남도 창원시 성산구 상남동 501-3,"['35.2192195', '128.6791411']",2
대한민국 경상남도 창원시 성산구 사파동 62-3,"['35.2254086', '128.7023627']",1
대한민국 대방동,"['35.205579', '128.711375']",7
대한민국 경상남도 창원시 성산구 성주동,"['35.1984062', '128.702731']",19
대한민국 웅남동,"['35.208714', '128.664065']",8
대한민국 경상남도 창원시 성산구 상남동 515-1,"['35.2137177', '128.6894407']",1
대한민국 경상남도 창원시 성산구 사파동 501-12,"['35.2223277', '128.6984486']",1
대한민국 경상남도 창원시 성산구 사파동 514,"['35.2254823', '128.7025522']",1
대한민국 경상남도 창원시 성산구 상남동 22-3,"['35.2202166', '128.6839287']",1
대한민국 경상남도 창원시 성산구 남양동 503-2,"['35.2104874', '128.7011633']",26
대한민국 경상남도 창원시 성산구 사파동 146,"['35.2188577', '128.6964922']",3
대한민국 서울특별시 동작구 대방동 380-54,"['37.503094', '126.9235291']",2
대한민국 경상남도 창원시 성산구 상남동 504,"['35.223568', '128.6859957']",8
대한민국 경상남도 창원시 성산구 사파동 501-10,"['35.2220934', '128.6951446']",6
대한민국 경상남도 창원시 성산구 상남동 517-1,"['35.2234824', '128.6839177']",7
대한민국 경상남도 사천시 대방동 318-2,"['34.931486', '128.0539888']",1
대한민국 경상남도 창원시 성산구 대방동 312,"['35.2137416', '128.7047071']",12
대한민국 경상남도 창원시 성산구 남양동 24,"['35.2088387', '128.7009953']",2
대한민국 경상남도 창원시 성산구 가음로 88 KR,"['35.2053944', '128.7030327']",2
대한민국 대구광역시 중구 남산동,"['35.8612519', '128.5871093']",1
대한민국 경상남도 창원시 성산구 남양동 502-1,"['35.2145743', '128.7021068']",26
대한민국 경상남도 창원시 성산구 가음정동 17,"['35.2084883', '128.7003421']",1
대한민국 경상남도 창원시 성산구 대방동 358,"['35.2099366', '128.7087556']",22
대한민국 성주동,"['35.186379', '128.694342']",1
대한민국 경상남도 창원시 성산구 가음정동 391-4,"['35.2043146', '128.6847695']",1
대한민국 서울특별시 동작구 대방동 386-1,"['37.5046351', '126.9234707']",1
대한민국 경상남도 창원시 성산구 남양동 20,"['35.2107921', '128.7009957']",11
대한민국 경상남도 창원시 의창구 사림동 창원대학로 20,"['35.245595', '128.691953']",5
대한민국 경상남도 창원시 성산구 중앙동 93-1,"['35.2247671', '128.6798958']",2
대한민국 경상남도 창원시 성산구 안민동 산5-3,"['35.1888303', '128.6877558']",2
대한민국 경상남도 창원시 성산구 남양동 502-4,"['35.2121842', '128.6995424']",7
대한민국 경상남도 창원시 성산구 가음정동 513,"['35.2089569', '128.6874543']",1
대한민국 경상남도 창원시 성산구 상남동 7-5,"['35.223431', '128.6831215']",2
대한민국 경상남도 창원시 성산구 가음동 500-3,"['35.2068396', '128.6967498']",2
대한민국 경상남도 창원시 성산구 중앙동 501-48,"['35.2283273', '128.6776954']",1
대한민국 경상남도 창원시 성산구 반지동 512-4,"['35.2450748', '128.6710157']",2
대한민국 경상남도 창원시 성산구 상남동 44-3,"['35.2184408', '128.6880747']",6
대한민국 경상남도 창원시 성산구 상남동 509,"['35.2181341', '128.6863641']",24
대한민국 경상남도 창원시 성산구 상남동 2-6,"['35.2233018', '128.6868459']",1
대한민국 경상남도 창원시 성산구 중앙동 번지 1층 87-6 KR,"['35.2263933', '128.679069']",1
대한민국 경상남도 창원시 성산구 안민동 661-2,"['35.1865195', '128.6914882']",2
대한민국 경상남도 창원시 성산구 중앙동 중앙대로 123,"['35.2253739', '128.6802373']",5
대한민국 경상남도 창원시 성산구 상남동 10-5,"['35.2216535', '128.6862323']",1
대한민국 경상남도 창원시 성산구 상남동 44-1,"['35.2189019', '128.6895637']",30
대한민국 경상남도 창원시 성산구 상남동 519,"['35.2203895', '128.6825253']",6
대한민국 성주동,"['35.200817', '128.699407']",5
대한민국 경상남도 창원시 성산구 중앙동 501-44,"['35.2260862', '128.6803144']",18
대한민국 경상남도 창원시 성산구 중앙동 74-7,"['35.2279652', '128.6778144']",1
대한민국 경상남도 창원시 성산구 상남동 503,"['35.2199641', '128.6918706']",16
대한민국 경상남도 창원시 성산구 상남동 505-3,"['35.2207643', '128.687957']",3
대한민국 성산구 성주동 52번지 창원시 경상남도 KR,"['35.1948564', '128.6885302']",1
대한민국 경상남도 창원시 성산구 성주동 가음로 110,"['35.2035726', '128.7039256']",2
대한민국 경상남도 창원시 성산구 안민동 658-11,"['35.1867981', '128.6898886']",3
대한민국 사파동,"['35.216568', '128.694214']",10
대한민국 경상남도 창원시 성산구 대방동 362-5,"['35.2093758', '128.7078468']",2
대한민국 상남동,"['35.219617', '128.692109']",3
대한민국 서울특별시 영등포구 신길동 50-8,"['37.515345', '126.917088']",1
대한민국 경상남도 창원시 성산구 상남동 521,"['35.2186659', '128.6833402']",1
대한민국 경상남도 창원시 성산구 상남동 505-1,"['35.22116949999999', '128.6861414']",10
대한민국 경상남도 창원시 성산구 대방동 306,"['35.2145031', '128.7050432']",3
대한민국 대방동,"['35.212291', '128.70985']",7
대한민국 경상남도 창원시 성산구 상남동 507-1,"['35.214144', '128.69451']",9
대한민국 경상남도 창원시 성산구 반지동 40-17,"['35.2421933', '128.6616284']",1
대한민국 경상남도 창원시 성산구 반지동 509,"['35.2401844', '128.6600925']",6
대한민국 경상남도 창원시 성산구 상남동 505-2,"['35.2209505', '128.6878685']",2
대한민국 서울특별시 동작구 대방동 377-1,"['37.5038511', '126.9243495']",2
대한민국 서울특별시 관악구 중앙동 502-12,"['37.4866821', '126.9468928']",1
대한민국 경상남도 창원시 성산구 외동 853-10,"['35.20826600000001', '128.676928']",16
대한민국 경남 창원시 성산구 대방동 338-3,"['35.2159879', '128.7077582']",2
대한민국 경상남도 창원시 성산구 중앙동 501-1,"['35.2214499', '128.6752139']",2
대한민국 경상남도 창원시 성산구 중앙동 94-4,"['35.2244737', '128.6783675']",2
대한민국 성산구 내동 456-18번지 현대상가 지하층 4호 창원시 경상남도 KR,"['35.2168799', '128.6696808']",2
대한민국 경상남도 창원시 성산구 가음정동 558-2,"['35.20995449999999', '128.68417']",1
대한민국 경기도 부천시 오정구 내동 68-2,"['37.519648', '126.7756573']",1
대한민국 경상남도 창원시 성산구 반림동 505,"['35.2370878', '128.6730626']",5
대한민국 경상남도 창원시 성산구 상남동 518-4,"['35.2208459', '128.6842262']",8
대한민국 대방동,"['35.208018', '128.710561']",1
대한민국 경상남도 창원시 성산구 사파동 20-1,"['35.2290855', '128.6978309']",1
대한민국 경상남도 창원시 성산구 사파동 522,"['35.2211382', '128.7013515']",2
대한민국 경상남도 창원시 성산구 반지동 509-1,"['35.2421747', '128.6618974']",2
대한민국 서울특별시 동작구 대방동 360-3,"['37.5087091', '126.9258848']",2
대한민국 사파정동,"['35.214847', '128.704931']",7
대한민국 경상남도 창원시 성산구 상남동 46,"['35.2141544', '128.6901606']",3
대한민국 서울특별시 동작구 대방동 395-1,"['37.5001253', '126.9262542']",7
대한민국 성산구 가음동 32-18번지 1층 창원시 경상남도 KR,"['35.2079129', '128.701486']",1
대한민국 경상남도 창원시 성산구 대방동 1127-17,"['35.2134585', '128.7050243']",3
대한민국 서울특별시 동작구 대방동 339-1,"['37.5128738', '126.9288092']",2
대한민국 서울특별시 동작구 대방동 379-1,"['37.5030974', '126.92529']",1
대한민국 사파동,"['35.217641', '128.694125']",8
대한민국 경상남도 창원시 성산구 남양동 40-15,"['35.2038412', '128.7044426']",1
대한민국 부산광역시 사상구 학장동 263-2,"['35.1440571', '128.9848177']",3
대한민국 경상남도 창원시 성산구 안민동 155,"['35.1862639', '128.6896831']",12
대한민국 경상남도 창원시 성산구 상남동 19-9,"['35.2199999', '128.684708']",17
대한민국 서울특별시 동작구 대방동 506,"['37.510763', '126.9311423']",3
대한민국 경상남도 창원시 성산구 남양동 1,"['35.2139307', '128.7031831']",13
대한민국 서울특별시 강동구 명일동 고덕로 210,"['37.5521991', '127.1484933']",1
대한민국 경상남도 창원시 성산구 중앙동 516-3,"['35.2296956', '128.6762545']",4
대한민국 경상남도 김해시 외동 1218,"['35.2328776', '128.8581882']",1
대한민국 부산광역시 반송1동,"['35.223665', '129.145675']",1
대한민국 울산광역시 삼산동,"['35.541377', '129.344372']",1
대한민국 신월동,"['35.223963', '128.692047']",2
대한민국 사파동,"['35.221805', '128.695797']",4
대한민국 경상남도 창원시 성산구 중앙동 517-4,"['35.227789', '128.6790268']",2
대한민국 경상남도 창원시 성산구 가음정동 391-11,"['35.2079739', '128.6859633']",1
대한민국 경상남도 창원시 성산구 대방동 300-1,"['35.2110165', '128.7174519']",8
대한민국 경상남도 창원시 성산구 내동 456-17,"['35.2171156', '128.6704186']",2
대한민국 경상남도 창원시 성산구 상남동 501-7,"['35.2158095', '128.6781691']",1
대한민국 경상남도 창원시 성산구 상남동 512-1,"['35.21353130000001', '128.6855938']",4
대한민국 경상남도 창원시 성산구 내동 456-21,"['35.2177834', '128.6686469']",1
대한민국 경상남도 창원시 성산구 남양동 23,"['35.2097429', '128.7044024']",2
대한민국 경상남도 창원시 성산구 안민동 188,"['35.1862664', '128.6890891']",1
대한민국 경기도 파주시 신촌동 49-8,"['37.7310071', '126.7012933']",1
대한민국 경상남도 창원시 성산구 상남동 43-1,"['35.2216776', '128.6874506']",1
대한민국 경상남도 창원시 성산구 대방동 357,"['35.2128563', '128.7078166']",5
대한민국 경상남도 창원시 성산구 대방동 337-10,"['35.2166847', '128.7084111']",1
대한민국 경상남도 창원시 성산구 상남동 8-1,"['35.224015', '128.6844352']",2
대한민국 경상남도 창원시 성산구 반지동 반지로,"['35.2420186', '128.6622882']",2
대한민국 경상남도 창원시 성산구 사파정동 231,"['35.2206702', '128.7061884']",1
대한민국 경상남도 창원시 성산구 반지동 504-2,"['35.2429077', '128.655424']",2
대한민국 경상남도 창원시 성산구 남양동 502-5,"['35.212098', '128.6996263']",10
대한민국 경상남도 창원시 성산구 가음정동 164,"['35.2107927', '128.6892721']",1
대한민국 경상남도 창원시 성산구 사파동 507,"['35.2184156', '128.6965664']",1
대한민국 경상남도 창원시 성산구 가음정동 391-7,"['35.2060123', '128.6899379']",1
대한민국 경상남도 창원시 성산구 대방동 356,"['35.2135602', '128.7069133']",6
대한민국 경상남도 창원시 성산구 반림동 21,"['35.2359742', '128.6718317']",1
대한민국 경상남도 창원시 성산구 반림동 501-3,"['35.2351716', '128.6701024']",3
대한민국 경상남도 창원시 성산구 귀곡동,"['35.1788068', '128.6206585']",1
대한민국 서울특별시 공릉2동,"['37.626074', '127.079792']",1
대한민국 경상남도 창원시 성산구 상남동 35-5,"['35.2194347', '128.6828699']",1
대한민국 경상남도 창원시 성산구 남양동 17,"['35.2127358', '128.6987651']",7
대한민국 경상남도 창원시 성산구 상남동 34-2,"['35.2205922', '128.6815801']",2
대한민국 경상남도 창원시 성산구 대방동 332-5,"['35.2156561', '128.705341']",1
대한민국 마산합포구 월포동 1-2번지 중앙부두내 창원시 경상남도 KR,"['35.1923019', '128.5682886']",1
대한민국 서울특별시 동작구 대방동 394-2,"['37.499885', '126.9275526']",2
대한민국 경상남도 창원시 성산구 상남동 7-1,"['35.2242008', '128.6840819']",1
대한민국 경상남도 창원시 성산구 중앙동 94-2,"['35.22498849999999', '128.6788266']",1
대한민국 삼정자동,"['35.1981308', '128.7142689']",39
대한민국 경상남도 창원시 성산구 중앙동 85-9,"['35.2259881', '128.6785098']",10
대한민국 경상남도 창원시 성산구 대방동 374,"['35.203351', '128.7061164']",4
대한민국 서울특별시 동작구 대방동 389-21,"['37.5033493', '126.9219872']",2
대한민국 서울특별시 동작구 대방동 340-1,"['37.5126409', '126.9280273']",1
대한민국 서울특별시 동작구 대방동 339-24,"['37.5128692', '126.9279732']",1
대한민국 반지동,"['35.23972', '128.664537']",7
대한민국 경상남도 창원시 성산구 사파동 78,"['35.2235023', '128.7015641']",1
대한민국 경상남도 창원시 성산구 반지동 43-4,"['35.2428973', '128.6649172']",1
대한민국 경상남도 창원시 성산구 중앙동 501-20,"['35.2251677', '128.6753106']",3
대한민국 중앙동,"['35.219283', '128.673082']",4
대한민국 경상남도 창원시 성산구 대방동 330,"['35.2165693', '128.7050226']",1
대한민국 경상남도 창원시 성산구 상남동 10-4,"['35.2218953', '128.6864177']",1
대한민국 경상남도 창원시 성산구 상남동 10-5,"['35.2216818', '128.6862434']",1
대한민국 서울특별시 동작구 대방동 386-25,"['37.5042231', '126.9232437']",4
대한민국 경상남도 창원시 성산구 상남동 12-4,"['35.222522', '128.68639']",3
대한민국 경상남도 창원시 성산구 상남동 13-1,"['35.2237005', '128.684092']",6
대한민국 경상남도 창원시 성산구 대방동 338-3,"['35.2161401', '128.7078253']",2
대한민국 경상남도 창원시 성산구 중앙동 501-51,"['35.2268068', '128.6771863']",2
대한민국 경상남도 창원시 성산구 상남동 518-1,"['35.22207', '128.6821527']",4
대한민국 경상남도 창원시 성산구 대방동 367,"['35.2074228', '128.7087162']",2
대한민국 경상남도 창원시 성산구 반지동 70-20,"['35.2388921', '128.6623355']",1
대한민국 경상남도 창원시 성산구 가음동 16,"['35.20817900000001', '128.6986338']",2
대한민국 서울특별시 동작구 대방동 339-5,"['37.512697', '126.928453']",1
대한민국 경상남도 창원시 성산구 상남동 89-1,"['35.2165191', '128.687249']",1
대한민국 서울특별시 마포구 성산동 58-9,"['37.564466', '126.9112142']",1
대한민국 경상남도 창원시 성산구 가음동 20-1,"['35.207531', '128.698938']",1
대한민국 경상남도 창원시 성산구 가음동 39-8,"['35.2055234', '128.699739']",2
대한민국 경상남도 창원시 성산구 가음동 502-3,"['35.2088222', '128.6996542']",4
대한민국 경상남도 창원시 성산구 중앙동 66-1,"['35.2253474', '128.6772608']",5
대한민국 경상남도 창원시 성산구 내동 456-16,"['35.2164947', '128.6703806']",1
대한민국 경상남도 창원시 성산구 상남동 517-3,"['35.2222498', '128.6860703']",2
대한민국 경상남도 창원시 성산구 안민동 34-1,"['35.188926', '128.6937486']",1
대한민국 서울특별시 마포구 성산동 526-8,"['37.5678796', '126.8983529']",1
대한민국 경상남도 창원시 성산구 내동 455,"['35.2162811', '128.6636665']",2
대한민국 경상남도 창원시 성산구 내동 456-13,"['35.2170232', '128.6698533']",1
대한민국 경상남도 창원시 성산구 상남동 2-5,"['35.2233975', '128.6866698']",1
대한민국 서울특별시 마포구 성산동 58-5,"['37.5644998', '126.9109703']",1
대한민국 경상남도 창원시 성산구 사파동 501-1,"['35.2276105', '128.6972536']",7
대한민국 서울특별시 마포구 성산동 517-2,"['37.5701233', '126.8954774']",1
대한민국 서울특별시 마포구 성산동 58-4,"['37.5646668', '126.9110053']",1
대한민국 경상남도 창원시 성산구 중앙동 501-63,"['35.2267888', '128.6791097']",1
대한민국 경상남도 창원시 성산구 상남동 42-1,"['35.2202351', '128.6859083']",2
대한민국 경상남도 창원시 성산구 사파동 창이대로690번길,"['35.2224095', '128.6982585']",1
대한민국 경상남도 창원시 성산구 상남동 508,"['35.218387', '128.6833949']",1
대한민국 경상남도 창원시 성산구 상남동 19-7,"['35.220291', '128.685108']",1
대한민국 경상남도 창원시 성산구 남양동 2,"['35.2146667', '128.7032675']",1
대한민국 경상남도 창원시 성산구 성산동 518,"['35.2006335', '128.6741169']",12
대한민국 경상남도 창원시 성산구 성산동 58-4,"['35.1982561', '128.6746618']",5
대한민국 경상남도 창원시 성산구 사파동 11-3,"['35.2260898', '128.6986654']",1
대한민국 경상남도 창원시 성산구 신촌동 43,"['35.2088919', '128.6268659']",1
대한민국 경상남도 창원시 성산구 대방동 395,"['35.215194', '128.708843']",82
대한민국 경기도 안산시 단원구 성곡동 신원로 189,"['37.3129179', '126.75883']",3
대한민국 경상남도 창원시 성산구 성주동 517,"['35.1947626', '128.6844028']",2
대한민국 경상남도 창원시 성산구 상남동 4-6,"['35.2230264', '128.6866052']",1
대한민국 전라북도 군산시 나운동 766-3,"['35.9697313', '126.6961721']",1
대한민국 경상남도 창원시 성산구 상남동 516,"['35.2233474', '128.6853226']",7
대한민국 서울특별시 서대문구 신촌동 67,"['37.5635443', '126.9424432']",2
대한민국 가음정동,"['35.207779', '128.69425']",2
대한민국 경상남도 창원시 성산구 사파동 95-9,"['35.2200583', '128.6999582']",1
대한민국 경상남도 창원시 성산구 대방동 377-1,"['35.2044768', '128.7116602']",29
대한민국 성주동,"['35.198358', '128.701569']",2
대한민국 경상남도 창원시 성산구 중앙동 상남로 71,"['35.2204147', '128.679482']",3
대한민국 서울특별시 영등포구 당산동2가 1,"['37.5205389', '126.8949512']",1
대한민국 경상남도 창원시 성산구 대방동 339-1,"['35.2161466', '128.708413']",4
대한민국 경상남도 창원시 성산구 성주동 124,"['35.1982769', '128.711057']",2
대한민국 경상남도 창원시 성산구 사파동 515,"['35.2257953', '128.699869']",2
대한민국 경상남도 창원시 성산구 상남동 22-2,"['35.2203481', '128.6836215']",1
대한민국 경상남도 창원시 성산구 외동,"['35.2112935', '128.6805665']",1
대한민국 웅남동,"['35.170556', '128.596668']",5
대한민국 경상남도 창원시 성산구 남산동 601-27,"['35.19927910000001', '128.7011801']",12
대한민국 경상남도 창원시 성산구 내동 454-9번지 차관아파트 점포 1층 4호,"['35.2214214', '128.6616091']",2
대한민국 경상남도 창원시 성산구 가음동 7-3,"['35.2068444', '128.701378']",2
대한민국 경상남도 창원시 성산구 상남동 71-6,"['35.21890370000001', '128.6767611']",2
대한민국 경상남도 창원시 성산구 대방동 대암로115번길,"['35.2155511', '128.7098339']",1
대한민국 경상남도 창원시 성산구 상남동 4-5,"['35.2231221', '128.6864313']",1
대한민국 경기도 화성시 봉담읍 동화리 469-5,"['37.2191324', '126.9590644']",15
대한민국 경상남도 창원시 성산구 상남동 60-23,"['35.2168836', '128.682742']",1
대한민국 부산광역시 남산동,"['35.265334', '129.092299']",6
대한민국 경상남도 김해시 구산동 1080-1,"['35.2499591', '128.867659']",1
대한민국 부산광역시 남산동,"['35.265032', '129.088778']",13
대한민국 경상남도 창원시 성산구 대방동 394-2,"['35.2144944', '128.7099342']",13
대한민국 경상남도 창원시 성산구 대방동 387,"['35.2118324', '128.7064106']",37
대한민국 사파동,"['35.218663', '128.701394']",1
대한민국 경상남도 창원시 성산구 중앙동 501-3,"['35.2204675', '128.6769688']",5
대한민국 경상남도 창원시 성산구 양곡동 847-7,"['35.2113631', '128.6178291']",1
대한민국 경상남도 창원시 성산구 대방동 381,"['35.2083746', '128.7082544']",2
대한민국 경상남도 창원시 성산구 대방동 380,"['35.2071896', '128.7086724']",2
대한민국 경상남도 창원시 성산구 사파동 524,"['35.2194398', '128.7020015']",2
대한민국 경상남도 창원시 성산구 대방동 317-2,"['35.213329', '128.7051264']",1
대한민국 경상남도 창원시 성산구 대방동,"['35.2163768', '128.7100914']",1
대한민국 경상남도 창원시 성산구 반지동 58-11,"['35.2378923', '128.6648225']",1
대한민국 경상남도 창원시 성산구 성산동 58-5,"['35.1980707', '128.6742858']",1
대한민국 경상남도 창원시 성산구 상남동 11-7,"['35.2224132', '128.6849028']",1
대한민국 경상남도 창원시 성산구 남산동 629-12,"['35.2016144', '128.6984294']",24
대한민국 경상남도 창원시 성산구 사파정동 226-1,"['35.2201954', '128.7061513']",1
대한민국 경상남도 창원시 성산구 안민동 668-24,"['35.1889683', '128.6896456']",1
대한민국 경상남도 창원시 성산구 사파정동 226-2,"['35.220113', '128.7062034']",1
대한민국 경상남도 창원시 성산구 대방동 385,"['35.208936', '128.7075212']",1
대한민국 경상남도 창원시 성산구 대방동 379-1,"['35.2080564', '128.710413']",1
대한민국 경상남도 창원시 성산구 대방동 384,"['35.20842409999999', '128.7076617']",1
대한민국 경상남도 창원시 성산구 남산동 601-4,"['35.2026192', '128.6958066']",3
대한민국 서울특별시 동작구 대방동 383-19,"['37.5057357', '126.9228655']",1
대한민국 경상남도 창원시 성산구 중앙동 67-17,"['35.2249768', '128.6776961']",1
대한민국 경상남도 창원시 성산구 상남동 78-2,"['35.2237286', '128.6810351']",1
대한민국 경상남도 창원시 성산구 중앙동 용지로133번길 3,"['35.2273692', '128.6794572']",3
대한민국 경상남도 창원시 성산구 중앙동 용지로133번길,"['35.2276855', '128.6789847']",4
대한민국 경상남도 창원시 성산구 사파동 93,"['35.219156', '128.7035237']",9
대한민국 경상남도 창원시 성산구 중앙동 501-68,"['35.2275921', '128.6786077']",1
대한민국 경상남도 창원시 성산구 사파동 88-5,"['35.2199907', '128.7019788']",1
대한민국 경상남도 창원시 성산구 남산동 601-1,"['35.2048473', '128.6919148']",1
대한민국 경상남도 창원시 성산구 중앙동 76-4,"['35.2278167', '128.6787458']",1
대한민국 경상남도 창원시 성산구 남산동 601-23,"['35.2019289', '128.6957777']",1
대한민국 경상남도 창원시 성산구 중앙동 91-1,"['35.2263282', '128.6794299']",1
대한민국 경상남도 창원시 성산구 성주동 삼정자로51번길 7 KR 대암빌딩 103호,"['35.2000351', '128.7119189']",2
대한민국 경상남도 창원시 성산구 남산동 601-26,"['35.1995647', '128.7004281']",6
대한민국 경상남도 창원시 성산구 남양동 501-1,"['35.2119902', '128.6972222']",2
대한민국 경상남도 창원시 성산구 웅남동 공단로 303,"['35.2115252', '128.6575584']",5
대한민국 경상남도 창원시 성산구 상남동 520-3,"['35.2187778', '128.6829874']",4
대한민국 경상남도 창원시 성산구 반지동 511-1,"['35.245609', '128.6653635']",1
대한민국 경상남도 창원시 성산구 상남동,"['35.2165986', '128.6871213']",2
대한민국 경상남도 창원시 성산구 신촌동 15-3,"['35.2083415', '128.6269605']",1
대한민국 경상남도 창원시 성산구 상남동 501-1,"['35.2202654', '128.677323']",2
대한민국 경상남도 창원시 성산구 대방동 359,"['35.2118043', '128.7072111']",2
대한민국 경상남도 창원시 성산구 남산동 601-15,"['35.1994053', '128.6996195']",1
대한민국 경상남도 창원시 성산구 반지동 512-5,"['35.2452746', '128.67058']",1
대한민국 경상남도 창원시 성산구 중앙동 92,"['35.2254304', '128.680232']",2
대한민국 경상남도 창원시 성산구 상남동 19-8,"['35.2201324', '128.6849474']",1
대한민국 팔룡동,"['35.235793', '128.665615']",2
대한민국 경상남도 창원시 성산구 남산동 603,"['35.1957254', '128.6932584']",1
대한민국 반지동,"['35.23772599999999', '128.66484']",2
대한민국 경상남도 창원시 성산구 성주동 128-1,"['35.1993915', '128.7110861']",2
대한민국 평택시 이충동,"['37.064625', '127.067941']",5
대한민국 삼정자동,"['35.197953', '128.711385']",14
대한민국 성산구 중앙동 89-5번지 창원시 경상남도 KR,"['35.2272694', '128.6795619']",1
대한민국 경상남도 창원시 성산구 성주동 125,"['35.198337', '128.7114112']",4
대한민국 삼정자동,"['35.1995935', '128.7086485']",2
대한민국 서울특별시 동작구 대방동 503,"['37.5090965', '126.9298647']",3
대한민국 경상남도 창원시 마산합포구 산호동 209-6,"['35.2175133', '128.5888527']",1
대한민국 경상남도 창원시 성산구 남산동 946,"['35.2038596', '128.6946948']",2
대한민국 경상남도 창원시 성산구 대방동 1127-10,"['35.2140261', '128.7047689']",1
대한민국 서울특별시 구로구 개봉동,"['37.493125', '126.8579555']",1
대한민국 경상남도 창원시 성산구 상남동 45-4,"['35.2148195', '128.6917643']",2
대한민국 경상남도 창원시 성산구 신촌동 503-9,"['35.211607', '128.6440352']",1
대한민국 경상남도 창원시 성산구 대방동 394-1,"['35.2145867', '128.7098768']",17
대한민국 경상남도 창원시 성산구 사파동 532,"['35.2201957', '128.7059393']",2
대한민국 경상남도 창원시 성산구 사파동 520,"['35.2207341', '128.7012371']",12
대한민국 서울특별시 동작구 대방동,"['37.4998762', '126.9297088']",1
대한민국 경상남도 창원시 성산구 웅남동 40-1,"['35.2105949', '128.6630359']",1
대한민국 경상남도 창원시 성산구 남산동 601-43,"['35.200553', '128.6997557']",6
대한민국 경상남도 창원시 성산구 대방동 378-3,"['35.2053183', '128.7098961']",2
대한민국 경상남도 창원시 성산구 대방동 473-1,"['35.2094813', '128.7058378']",1
대한민국 경상남도 창원시 성산구 남산동 601-8,"['35.2000229', '128.7013182']",2
대한민국 경상남도 창원시 성산구 성주동 153,"['35.2003236', '128.7147856']",6
대한민국 경상남도 창원시 성산구 상남동 501-6,"['35.2180192', '128.681329']",2
대한민국 경상남도 창원시 성산구 성주동 121-5,"['35.1987488', '128.7106603']",4
대한민국 경상남도 창원시 성산구 성주동 삼정자로33번길,"['35.1994426', '128.7098073']",1
대한민국 경상남도 창원시 성산구 남양동 16,"['35.2131744', '128.6971137']",4
대한민국 사파동,"['35.22207', '128.695074']",7
대한민국 경상남도 창원시 성산구 상남동 45-2,"['35.2150009', '128.6914111']",1
대한민국 서울특별시 양천구 신월로 366 승소빌딩 2층,"['37.5218437', '126.8617877']",7
대한민국 경상남도 창원시 성산구 남산동 601-41,"['35.204089', '128.6935239']",2
대한민국 경기도 김포시 장기동 김포한강2로 41,"['37.6404964', '126.6774273']",2
대한민국 경상남도 창원시 성산구 남양동 513-2,"['35.2139054', '128.6979009']",5
대한민국 경상남도 창원시 성산구 사파정동 321,"['35.2222308', '128.705065']",2
대한민국 경상남도 창원시 성산구 대방동 371,"['35.2068657', '128.7077877']",1
대한민국 경상남도 창원시 성산구 사파정동 325,"['35.2222763', '128.704682']",1
대한민국 경상남도 창원시 성산구 남산동 601-7,"['35.2003343', '128.6998515']",13
대한민국 경상남도 창원시 성산구 중앙동 100-2,"['35.22065740000001', '128.6763827']",1
대한민국 경상남도 창원시 성산구 중앙동 77-16,"['35.2278668', '128.6781728']",1
대한민국 경상남도 창원시 의창구 용호동 외동반림로 156,"['35.2318589', '128.6741642']",1
대한민국 경상남도 창원시 성산구 상남동,"['35.2236811', '128.6861212']",3
대한민국 경상남도 창원시 성산구 상남동 520-2,"['35.2192668', '128.6819557']",3
대한민국 경상남도 창원시 성산구 남산동 601-22,"['35.201358', '128.6975464']",3
대한민국 경상남도 양산시 중부동 398-15,"['35.3435111', '129.0346265']",6
대한민국 경상남도 창원시 성산구 중앙동 80-1,"['35.2270416', '128.6775108']",1
대한민국 경상남도 창원시 성산구 성주동 123-8,"['35.1985306', '128.7106782']",1
대한민국 팔룡동,"['35.239432', '128.657976']",1
대한민국 성산구 상남동 34-8번지 지하1층 창원시 경상남도 KR,"['35.2203046', '128.6817425']",1
대한민국 경상남도 창원시 성산구 남양동 12,"['35.2139242', '128.7004284']",3
대한민국 경상남도 창원시 성산구 성산동 77-1,"['35.2055971', '128.6637619']",1
대한민국 경상남도 창원시 성산구 남양동 502-3,"['35.213396', '128.7002624']",4
대한민국 삼정자동,"['35.196849', '128.707411']",4
대한민국 경상남도 창원시 성산구 성주동 71,"['35.1853031', '128.7049995']",2
대한민국 경상남도 창원시 성산구 신촌동 49,"['35.2009777', '128.6285622']",3
대한민국 팔룡동,"['35.2366245', '128.639385']",2
대한민국 경상남도 창원시 성산구 사파정동 1115-6,"['35.2202273', '128.7065537']",1
대한민국 경상남도 창원시 성산구 사파동 505,"['35.2205446', '128.6943921']",12
대한민국 성주동,"['35.201831', '128.698691']",1
대한민국 성산구 안민동 106번지 장복상가 2층 창원시 경상남도 KR,"['35.1866844', '128.6915006']",13
대한민국 경상남도 창원시 성산구 대방동 368-1,"['35.2090406', '128.7092157']",2
대한민국 경상남도 창원시 성산구 대방동 386,"['35.2081693', '128.707151']",1
대한민국 대구광역시 성내2동,"['35.87150099999999', '128.58756']",2
대한민국 성산구 웅남동 61-22번지 창원시 경상남도 KR,"['35.2115884', '128.6488688']",1
대한민국 경상남도 창원시 성산구 대방동 383,"['35.2079167', '128.7078023']",1
대한민국 경상남도 창원시 성산구 상남동 마디미로15번길 2,"['35.2226811', '128.6850094']",5
대한민국 경상남도 창원시 성산구 사파정동 624-1,"['35.2176003', '128.7025755']",1
대한민국 경상남도 창원시 성산구 상남동 36-1,"['35.2195982', '128.6837049']",2
대한민국 경상남도 창원시 성산구 반지동 90-7,"['35.2394755', '128.6593298']",1
대한민국 경상남도 창원시 성산구 중앙동 용지로 74,"['35.2224362', '128.6766523']",8
대한민국 경상남도 창원시 성산구 웅남동 515,"['35.2066536', '128.655484']",2
대한민국 경상남도 창원시 성산구 반지동 502-2,"['35.2399453', '128.6606312']",1
대한민국 서울특별시 동작구 대방동,"['37.5029028', '126.926893']",1
대한민국 경상남도 창원시 성산구 상남동 514-5,"['35.2150717', '128.6886449']",1
대한민국 경상남도 창원시 성산구 상남동 57-11,"['35.2141786', '128.6879695']",1
대한민국 경상남도 창원시 성산구 귀산동 남해안대로 6687,"['35.163353', '128.594715']",1
대한민국 경상남도 창원시 성산구 반림동 10,"['35.2371449', '128.6686178']",3
대한민국 가음정동,"['35.211648', '128.704706']",10
대한민국 경상남도 창원시 성산구 상남동 19-4,"['35.2208277', '128.6855321']",1
대한민국 경남 창원시 성산구 외동 612,"['35.2192924', '128.6727337']",2
대한민국 경상남도 창원시 성산구 신촌동 33-5,"['35.1993352', '128.6275283']",1
대한민국 가음정동,"['35.214733', '128.704414']",2
대한민국 경상남도 창원시 성산구 중앙동 501-26,"['35.2234999', '128.6747091']",1
대한민국 경상남도 창원시 성산구 남산동 1191-1,"['35.2010596', '128.6994273']",1
대한민국 경상남도 창원시 성산구 중앙동 58-9,"['35.2242034', '128.6765725']",1
대한민국 경상남도 창원시 성산구 반지동 반송로29번길 15,"['35.2440393', '128.6631228']",8
대한민국 가음정동,"['35.207406', '128.693247']",1
대한민국 경상남도 창원시 성산구 반림동 503-6,"['35.2379404', '128.667885']",3
대한민국 성주동,"['35.198667', '128.703276']",3
대한민국 경상남도 창원시 성산구 웅남동 45-2,"['35.2180422', '128.6534577']",1
대한민국 서울특별시 회현동,"['37.5552915', '126.9726675']",1
대한민국 삼정자동,"['35.203932', '128.709416']",9
대한민국 부산광역시 금정구 남산동 984-3,"['35.26759990000001', '129.0869436']",1
대한민국 서울특별시 강남구 세곡동 454,"['37.4680209', '127.0951826']",1
대한민국 대방동,"['35.211919', '128.710286']",1
대한민국 경상남도 창원시 성산구 가음정동 119,"['35.2088881', '128.6879875']",1
대한민국 서울특별시 강남구 대치4동 892,"['37.5057659', '127.0561303']",1
대한민국 경기도 의왕시 포일동 523,"['37.393306', '126.9816407']",1
대한민국 경상남도 창원시 상남동 57-1,"['35.214238', '128.686205']",11
대한민국 경상남도 창원시 마산합포구 현동 383-2,"['35.1480766', '128.5578575']",1
대한민국 성산구 상남동 50-6번지 창원시 경상남도 KR,"['35.2148112', '128.6895895']",1
가음정동 가음정사거리,"['35.2054333', '128.6918434']",1
대한민국 중앙동,"['35.217927', '128.670533']",1
대한민국 경상남도 창원시 성산구 대방동 362-4,"['35.2093776', '128.7077029']",2
대한민국 경상남도 창원시 성산구 안민동 188,"['35.1865188', '128.6888164']",2
대한민국 경상남도 창원시 마산회원구 양덕동 삼호로 38,"['35.2269293', '128.5766039']",1
대한민국 경상남도 창원시 성산구 상남동 72-2,"['35.2190148', '128.6784831']",1
대한민국 경상남도 창원시 성산구 신촌동 121,"['35.2130829', '128.6465137']",1
대한민국 경상남도 창원시 마산회원구 진동면 진북산업로 90-1,"['35.1245401', '128.4875579']",3
대한민국 대방동,"['35.210433', '128.710571']",3
대한민국 삼정자동,"['35.203627', '128.709128']",6
대한민국 경상남도 창원시 성산구 상남동 토월로 50,"['35.216084', '128.682431']",1
대한민국 경상남도 창원시 성산구 성주동 74,"['35.1841711', '128.7045621']",1
대한민국 김해시 장유면,"['35.201454', '128.813867']",1
대한민국 경상남도 창원시 성산구 신촌동,"['35.2063765', '128.6026176']",5
대한민국 반림동,"['35.236024', '128.674395']",2
대한민국 서울특별시 중구 신당4동 매봉18길 109,"['37.5558424', '127.0168549']",1
대한민국 대방동,"['35.215292', '128.708988']",2
대한민국 경상남도 창원시 성산구 원이대로473번길 9 노블파크주상가 217호,"['35.23508400000001', '128.669704']",1
대한민국 경상남도 창원시 창원시 성산구 웅남동 웅남로 618,"['35.2037739', '128.6793237']",3
대한민국 경상남도 김해시 장유면 삼문리 291-2,"['35.1987419', '128.8114712']",1
대한민국 경상남도 창원시 성산구 상남동 상남로,"['35.2207926', '128.6804227']",1
대한민국 경상남도 창원시 성산구 성주동 삼정자로43번길,"['35.1995117', '128.7107421']",1
대한민국 경상남도 창원시 성산구 상남동 45-1,"['35.2173763', '128.6907598']",1
대한민국 경상남도 창원시 성산구 반지동 창원천로 292,"['35.2454901', '128.6684696']",1
대한민국 경상남도 창원시 성산구 가음동,"['35.2054335', '128.7026479']",1
대한민국 경상남도 창원시 성산구 상남동 마디미로10번길 3,"['35.2235132', '128.6848649']",1
대한민국 경상남도 창원시 성산구 가음동 21-3,"['35.2082942', '128.6977872']",3
대한민국 경상남도 창원시 성산구 가음정동 가음로 59,"['35.2078988', '128.7020537']",1
대한민국 경상남도 창원시 성산구 가음정동 가음로 67,"['35.2073357', '128.7024596']",1
대한민국 경상남도 창원시 성산구 사파동 신사로 129,"['35.2205833', '128.6976966']",1
대한민국 화성시 남양동,"['37.209071', '126.819083']",1
대한민국 경상남도 창원시 성산구 사파동 신사로 133,"['35.2203186', '128.6979547']",1
대한민국 경상남도 창원시 성산구 신촌동 15-7,"['35.2077374', '128.6269883']",1
대한민국 경상남도 창원시 성산구 성주동 삼정자로72번길 33 KR,"['35.1948898', '128.713834']",4
대한민국 경상남도 창원시 성산구 성주동 53-2,"['35.1951844', '128.6857053']",1
대한민국 경상남도 창원시 성산구 사파동 창이대로692번길,"['35.2218439', '128.6982243']",1
대한민국 경상남도 창원시 성산구 성주동 정동로162번길,"['35.2016276', '128.6962701']",1
대한민국 경상남도 창원시 성산구 가음정동 대정로20번길 11,"['35.2061244', '128.6991666']",1
대한민국 수원시,"['37.273839', '127.046898']",1
대한민국 경상남도 김해시 장유면 대청리 321-4,"['35.1870763', '128.7964174']",1
대한민국 의창구 대원동 92번지 창원시 경상남도 KR,"['35.220862', '128.6399099']",7
대한민국 경상남도 창원시 성산구 동산로 184 KR,"['35.2236221', '128.6950148']",1
대한민국 성산구 성주동 23번지 창원시 경상남도 KR,"['35.1970851', '128.7036726']",1
대한민국 경상남도 창원시 성산구 웅남동 61-75,"['35.2077087', '128.653722']",1
대한민국 경상남도 창원시 성산구 남양동 20-3,"['35.2119158', '128.7018368']",1
대한민국 웅남동,"['35.210722', '128.656228']",3
대한민국 상남동,"['35.220002', '128.683138']",3
대한민국 성산구 성주동 102번지 상가 101호 한림푸르지오 창원시 경상남도 KR,"['35.2018517', '128.7097023']",1
대한민국 경상남도 창원시 성산구 가음정동 620,"['35.2104052', '128.6857553']",1
대한민국 경기도 화성시 능동 여울로 167,"['37.2137726', '127.0550647']",4
대한민국 경상남도 창원시 성산구 성주동 134-4,"['35.1981469', '128.711997']",1
대한민국 경상남도 창원시 성산구 성산동 93-17,"['35.1981498', '128.6671682']",1
대한민국 중앙동4가 17-7번지 유성빌딩 7층 703호 중구 부산광역시 KR,"['35.103519', '129.037238']",1
대한민국 경상남도 창원시 성산구 신촌동 15-12,"['35.2082963', '128.626467']",2
대한민국 경상남도 창원시 성산구 반지동 85-1,"['35.2399312', '128.6602333']",1
대한민국 대방동,"['35.208536', '128.706645']",1
대한민국 경상남도 창원시 창원시 성산구 신촌동,"['35.2114227', '128.6462996']",3
대한민국 경상남도 창원시 성산구 상남동 28-2,"['35.2198202', '128.6800424']",2
대한민국 경상남도 창원시 성산구 신촌동 21-6,"['35.2041037', '128.6282283']",1
대한민국 경상남도 창원시 성산구 대방동 332-6,"['35.2158028', '128.7055301']",1
대한민국 경상남도 창원시 성산구 가음동 20-8,"['35.2061244', '128.6991665']",3
대한민국 경상남도 김해시 가락로190번길 1 왕비릉내,"['35.24321', '128.8774916']",1
대한민국 경상남도 창원시 성산구 외동 642,"['35.2172492', '128.6711886']",7
대한민국 경상남도 창원시 성산구 신촌동 500,"['35.2068678', '128.6047794']",1
대한민국 경상남도 창원시 성산구 외동 631-2,"['35.2179089', '128.6703988']",11
대한민국 경상남도 창원시 성산구 대방동 368,"['35.2088086', '128.7103438']",1
대한민국 경상남도 창원시 성산구 웅남동 516,"['35.2051845', '128.6552624']",2
대한민국 경상남도 창원시 성산구 신촌동 21-5,"['35.2058345', '128.6278715']",1
대한민국 경상남도 창원시 성산구 가음동 35-1,"['35.2066834', '128.7023701']",1
대한민국 경상남도 창원시 성산구 상남동 12-1,"['35.2230464', '128.6854684']",1
대한민국 경상남도 창원시 성산구 대방동 376,"['35.2049185', '128.7115158']",4
대한민국 경상남도 창원시 성산구 상남동 단정로 75,"['35.2184408', '128.6880747']",1
대한민국 경상남도 창원시 성산구 상남동 73-2,"['35.220989', '128.6799368']",1
대한민국 경상남도 창원시 마산합포구 중앙동2가 7-4,"['35.1923958', '128.5651816']",1
대한민국 경상남도 창원시 성산구 남산동,"['35.1946847', '128.6974542']",5
대한민국 경상남도 창원시 성산구 원이대로682번길 상남동,"['35.2215913', '128.6865439']",15
대한민국 서울특별시 서대문구 대현동 신촌로 149,"['37.5569394', '126.9424983']",1
대한민국 서울특별시 동작구 사당동 동작대로25길 16,"['37.4862669', '126.9809437']",1
대한민국 경상남도 창원시 성산구 신촌동,"['35.2030158', '128.6288771']",1
대한민국 경상남도 창원시 성산구 대방동 333-3,"['35.2157757', '128.7058462']",2
대한민국 경상남도 창원시 성산구 대방동 378-2,"['35.2054325', '128.7099476']",1
대한민국 경상남도 창원시 성산구 사파동 516,"['35.2238264', '128.7036398']",1
대한민국 경상남도 창원시 성산구 중앙동 용지로117번길,"['35.2274078', '128.6779072']",1
대한민국 경상남도 창원시 성산구 안민동 산5-8,"['35.1899158', '128.6875607']",2
대한민국 경상남도 창원시 성산구 사파동 원이대로773번길 27-1,"['35.2188763', '128.6966759']",1
대한민국 경상남도 창원시 성산구 반지동 504,"['35.2442254', '128.6589243']",1
대한민국 부산광역시 중구 중앙동4가 78-3,"['35.1099788', '129.0385636']",1
대한민국 경상남도 창원시 성산구 천선동 1163-5,"['35.1860737', '128.6941053']",1
대한민국 경남 창원시 성산구 성주동 51,"['35.194678', '128.6899442']",2
대한민국 경상남도 창원시 성산구 상남동 517-4,"['35.222391', '128.6845325']",3
대한민국 경상남도 창원시 성산구 남양동 18,"['35.2121707', '128.6982825']",1
대한민국 경상남도 창원시 창원시 진해구 석동 586-6,"['35.1573243', '128.698722']",1
대한민국 부산광역시 수영구 광안1동 491-10,"['35.160719', '129.1129196']",4
대한민국 경상남도 김해시 어방동 1107-1,"['35.2329844', '128.9031062']",1
대한민국 경상남도 창원시 성산구 상남동 502-1,"['35.2170944', '128.6808413']",1
대한민국 상남동,"['35.218733', '128.685885']",5
대한민국 경상남도 창원시 성산구 안민동 149-2,"['35.1857077', '128.6896839']",2
대한민국 경상남도 창원시 성산구 사파동 517,"['35.2231544', '128.7040283']",1
대한민국 경상남도 창원시 성산구 중앙동 93-4,"['35.2238289', '128.6793794']",1
대한민국 경상남도 창원시 성산구 대방동 492-1,"['35.2110819', '128.7058901']",1
대한민국 경상남도 창원시 성산구 대방동 360,"['35.2105095', '128.7068077']",1
대한민국 경상남도 창원시 성산구 중앙동 501-42,"['35.2291637', '128.6764313']",1
대한민국 경상남도 창원시 성산구 반림동 8,"['35.2387819', '128.6689378']",2
대한민국 경상남도 창원시 성산구 대방동 362-7,"['35.2091446', '128.7076141']",1
대한민국 경상남도 창원시 성산구 상남동 78-4,"['35.2232905', '128.6802365']",1
대한민국 대방동,"['35.209917', '128.711006']",4
대한민국 경상남도 창원시 성산구 사파동 501-2,"['35.2249434', '128.6959719']",2
대한민국 경상남도 창원시 성산구 웅남동 완암로 50,"['35.2056174', '128.6637929']",2
대한민국 경상남도 창원시 성산구 대방동 318-2,"['35.2129664', '128.7051749']",2
대한민국 경상남도 창원시 성산구 성산동 76,"['35.2069711', '128.6633755']",3
대한민국 부산광역시 금정구 구서2동 금강로 543,"['35.2559227', '129.0875845']",1
대한민국 서울특별시 송파구 오륜동 올림픽로 424,"['37.5206868', '127.1214941']",1
대한민국 경상남도 창원시 성산구 외동 851-1,"['35.2154195', '128.6728173']",1
대한민국 경상남도 김해시 내동 1116-4,"['35.2352107', '128.8646319']",1
대한민국 서울특별시 용산구 보광동 보광로 73,"['37.5290733', '126.996512']",1
대한민국 경상남도 창원시 성산구 사파동 521,"['35.2223958', '128.7008669']",1
대한민국 경상남도 창원시 성산구 중앙동 96-1,"['35.2236304', '128.6789383']",1
대한민국 경상남도 창원시 성산구 천선동 1142,"['35.187204', '128.6945893']",1
대한민국 경상남도 창원시 성산구 가음정동 405,"['35.2058907', '128.6910341']",1
대한민국 경상남도 창원시 성산구 신촌동 33-8,"['35.1978601', '128.6288369']",1
대한민국 경상남도 창원시 성산구 신촌동 122,"['35.2110497', '128.6462659']",1
대한민국 경상남도 창원시 성산구 안민동 72,"['35.1865744', '128.6917883']",3
대한민국 경상남도 창원시 성산구 중앙동 105-1,"['35.2226925', '128.6670064']",1
대한민국 서울특별시 양천구 목2동 목동중앙북로24길 9,"['37.5462022', '126.8782298']",1
대한민국 경상남도 창원시 성산구 천선동 1157,"['35.1860021', '128.6936996']",1
대한민국 경상남도 창원시 성산구 남산동 695-1,"['35.1998757', '128.7024448']",1
대한민국 서울특별시 도봉구 마들로 749,"['37.677343', '127.0469819']",1
대한민국 경상남도 창원시 성산구 중앙동 87-6,"['35.2263933', '128.679069']",1
대한민국 경상남도 창원시 성산구 중앙동 501-56,"['35.2264784', '128.6780371']",3
대한민국 경상남도 창원시 성산구 귀곡동 653,"['35.1682694', '128.6008251']",1
대한민국 경상남도 창원시 성산구 성산동 76-7,"['35.2099602', '128.6696786']",1
대한민국 경상남도 창원시 성산구 상남동 28-4,"['35.2193222', '128.6796362']",1
대한민국 경상남도 창원시 성산구 가음동 17,"['35.2075501', '128.7003165']",1
대한민국 경상남도 창원시 성산구 안민동 산36-3,"['35.1854954', '128.6897689']",1
대한민국 경상남도 창원시 성산구 남산동 산40,"['35.2010242', '128.7059974']",1
대한민국 경상남도 창원시 성산구 안민동 153-1,"['35.1862632', '128.6899609']",1
대한민국 경상남도 창원시 성산구 사파동 129-3,"['35.2258455', '128.6971133']",1
대한민국 경상남도 창원시 성산구 대방동 496-1,"['35.2120148', '128.705583']",1
대한민국 경상남도 창원시 성산구 남양동 22-1,"['35.2119432', '128.7019304']",1
대한민국 경상남도 창원시 성산구 중앙동 501-38,"['35.2224507', '128.6758264']",1
대한민국 경상남도 창원시 성산구 중앙동 501-47,"['35.2281189', '128.6774114']",4
대한민국 경상남도 창원시 성산구 상남동 74-1,"['35.2217089', '128.6793163']",1
대한민국 사파동,"['35.226002', '128.697964']",1
대한민국 경상남도 창원시 성산구 상남동 3-4,"['35.2227383', '128.6868697']",2
대한민국 경상남도 창원시 성산구 대방동 344-9,"['35.2145599', '128.7093625']",2
대한민국 경상남도 창원시 성산구 상남동 505-4,"['35.2210284', '128.687801']",3
대한민국 경상남도 창원시 성산구 중앙동 52-16,"['35.2227088', '128.6758444']",1
대한민국 반지동,"['35.239757', '128.665966']",1
대한민국 경상남도 창원시 성산구 대방동 397-1,"['35.2166196', '128.7076823']",2
대한민국 경상남도 창원시 성산구 반림동 원이대로 449,"['35.2377326', '128.6667832']",3
대한민국 경상남도 창원시 성산구 상남동 69-1,"['35.21802479999999', '128.6774319']",1
대한민국 경상남도 창원시 성산구 사파정동 147,"['35.2193754', '128.7070252']",1
대한민국 경상남도 창원시 성산구 성산동 526,"['35.2060591', '128.664664']",1
대한민국 경상남도 창원시 성산구 중앙동 용지로 96,"['35.2241211', '128.6780713']",1
대한민국 경상남도 창원시 성산구 대방동 344-6,"['35.21484179999999', '128.7098669']",1
대한민국 경상남도 창원시 성산구 대방동 377-2,"['35.2056425', '128.7117846']",1
대한민국 경상남도 창원시 성산구 상남동 1-2,"['35.2246431', '128.6844613']",1
대한민국 경상남도 창원시 성산구 사파동 112-22,"['35.2212882', '128.6965954']",1
대한민국 서울특별시 마포구 상암동 2-119,"['37.5768253', '126.896549']",1
대한민국 경상남도 창원시 성산구 상남동 73-4,"['35.2204651', '128.6794931']",1
대한민국 경상남도 창원시 성산구 상남동 14-1,"['35.2234072', '128.6836732']",2
대한민국 경상남도 창원시 성산구 남산동 165,"['35.2043983', '128.7067548']",1
대한민국 경상남도 창원시 성산구 중앙동 502-4,"['35.2227292', '128.6657479']",2
대한민국 경상남도 창원시 성산구 중앙동 109-1,"['35.2243237', '128.6641208']",1
대한민국 경상남도 창원시 성산구 대방동 333-5,"['35.2159156', '128.7064438']",1
대한민국 경상남도 창원시 성산구 대방동 396,"['35.2157659', '128.7093829']",3
대한민국 경상남도 창원시 성산구 대방동 331-4,"['35.2160616', '128.7050589']",1
대한민국 경상남도 창원시 성산구 안민동 143-7,"['35.1852577', '128.6905168']",1
대한민국 경상남도 창원시 성산구 대방동 363-1,"['35.2087172', '128.7071667']",1
대한민국 성주동,"['35.185485', '128.689756']",1
대한민국 경상남도 창원시 성산구 반림동 8,"['35.2390122', '128.667928']",1
대한민국 경상남도 창원시 성산구 가음정동 702,"['35.2145511', '128.6853904']",2
대한민국 성산구 신촌동 131-3번지 창원시 경상남도 KR,"['35.2069943', '128.639979']",3
대한민국 경상남도 창원시 성산구 대방동 344-7,"['35.214682', '128.7097601']",1
대한민국 경상남도 창원시 성산구 남양동 503-1,"['35.2119859', '128.6996857']",2
대한민국 경상남도 창원시 성산구 남양동 4,"['35.2141996', '128.7017378']",2
대한민국 경상남도 창원시 성산구 대방동 338-2,"['35.2164295', '128.7079739']",2
대한민국 경상남도 창원시 성산구 상남동 5-1,"['35.2241957', '128.6845202']",1
대한민국 경상남도 창원시 성산구 상남동 6-7,"['35.2243659', '128.6842206']",1
대한민국 경상남도 창원시 성산구 성주동 창원대로 1124,"['35.196789', '128.7048352']",25
대한민국 중앙동,"['35.224343', '128.677353']",1
대한민국 경상남도 창원시 성산구 사파동 527,"['35.2188632', '128.699458']",1
대한민국 경상남도 창원시 성산구 상남동 78-3,"['35.2234576', '128.6808054']",1
대한민국 경상남도 창원시 성산구 외동 856,"['35.2085659', '128.6733061']",1
대한민국 경상남도 창원시 성산구 성주동 521,"['35.1889031', '128.69333']",1
대한민국 경상남도 창원시 성산구 남양동 502-2,"['35.2135808', '128.7011921']",2
대한민국 경상남도 창원시 성산구 중앙동 74-10,"['35.2278462', '128.6776596']",3
대한민국 경상남도 창원시 성산구 대방동 394-3,"['35.2144047', '128.7100092']",1
대한민국 경상남도 창원시 성산구 안민동 143-12,"['35.18532810000001', '128.6901847']",2
대한민국 경상남도 창원시 성산구 중앙동 96-2,"['35.2234188', '128.6787345']",1
대한민국 경상남도 창원시 성산구 상남동 18-3,"['35.221504', '128.6848414']",1
대한민국 성산구 상남동 20-8번지 502호 신우드림타운 창원시 경상남도 KR,"['35.2212361', '128.6839186']",1
대한민국 경상남도 창원시 성산구 대방동,"['35.2140159', '128.7078972']",4
대한민국 경상남도 창원시 성산구 중앙동 95-3,"['35.223654', '128.6776104']",1
대한민국 경상남도 창원시 성산구 상남동 74-4,"['35.2209367', '128.6786687']",1
대한민국 경상남도 창원시 성산구 안민동 261-6,"['35.1871407', '128.6924037']",1
대한민국 경상남도 창원시 성산구 중앙동 98-4,"['35.2221975', '128.6764625']",1
대한민국 경상남도 창원시 성산구 중앙동 용지로113번길,"['35.227188', '128.6776277']",2
대한민국 김포시 장기동,"['37.652746', '126.671547']",1
대한민국 경상남도 창원시 성산구 대방동 334-1,"['35.2166095', '128.7064751']",1
대한민국 경상남도 창원시 성산구 대방동 398,"['35.2162116', '128.7063881']",6
대한민국 경상남도 창원시 성산구 성주동 522,"['35.1943638', '128.6982048']",1
대한민국 경상남도 창원시 성산구 대방동 334-11,"['35.2167048', '128.7066758']",1
대한민국 경상남도 창원시 성산구 상남동 501-2,"['35.2222161', '128.6803689']",1
대한민국 경상남도 창원시 성산구 대방동 344-1,"['35.2153399', '128.7091639']",1
대한민국 경상남도 창원시 성산구 중앙동 75-11,"['35.2283636', '128.6778232']",1
대한민국 경상남도 창원시 성산구 외동 854,"['35.2081174', '128.675991']",2
대한민국 경상남도 창원시 성산구 사파동 97-4,"['35.2219645', '128.7003052']",1
대한민국 경상남도 창원시 성산구 중앙동 69-4,"['35.2269922', '128.6766012']",1
대한민국 경상남도 창원시 성산구 상남동 25,"['35.2216596', '128.682347']",1
대한민국 경상남도 창원시 성산구 사파동 112-1,"['35.2214418', '128.696846']",1
대한민국 경상남도 창원시 성산구 남양동 6,"['35.2136936', '128.7008558']",1
대한민국 경상남도 창원시 성산구 대방동 340-6,"['35.2158875', '128.7092401']",1
대한민국 경상남도 창원시 성산구 중앙동 73-9,"['35.2276953', '128.6775628']",1
대한민국 경상남도 창원시 성산구 상남동 520-1,"['35.2197114', '128.6812827']",1
대한민국 경상남도 창원시 성산구 중앙동 외동반림로126번길,"['35.2282635', '128.6749433']",1
대한민국 경상남도 창원시 성산구 상남동 18-10,"['35.2216454', '128.6842241']",1
대한민국 성주동,"['35.185592', '128.689954']",1
